"GeoFips","GeoName","LineCode","Description","2005:Q2","2005:Q3","2005:Q4","2006:Q1","2006:Q2","2006:Q3","2006:Q4","2007:Q1","2007:Q2","2007:Q3","2007:Q4","2008:Q1","2008:Q2","2008:Q3","2008:Q4","2009:Q1","2009:Q2","2009:Q3","2009:Q4","2010:Q1","2010:Q2","2010:Q3","2010:Q4","2011:Q1","2011:Q2","2011:Q3","2011:Q4","2012:Q1","2012:Q2","2012:Q3","2012:Q4","2013:Q1","2013:Q2","2013:Q3","2013:Q4","2014:Q1","2014:Q2","2014:Q3","2014:Q4","2015:Q1","2015:Q2","2015:Q3","2015:Q4","2016:Q1","2016:Q2","2016:Q3","2016:Q4","2017:Q1","2017:Q2","2017:Q3","2017:Q4","2018:Q1","2018:Q2","2018:Q3","2018:Q4","2019:Q1","2019:Q2","2019:Q3","2019:Q4","2020:Q1","2020:Q2","2020:Q3","2020:Q4","2021:Q1","2021:Q2"
"01000","Alabama","12","      Manufacturing",-0.24,-0.07,3.24,1.29,0.03,-1.02,-0.75,-1.53,0.86,1.03,1.23,-0.53,1.31,-1.59,-5.45,-5.84,-0.26,0.99,1.68,0.61,0.72,3.27,0.72,3.04,0.60,0.20,1.63,-0.84,-0.63,-1.65,0.95,3.31,0.80,0.61,-0.87,-1.37,-0.31,-0.41,-0.68,-0.86,0.56,0.11,0.22,1.61,0.31,0.61,0.11,0.18,0.63,0.48,1.58,0.68,-0.02,-0.21,-0.25,-0.47,0.34,0.44,0.32,-0.78,-5.81,9.46,1.02,1.51,0.82
"01000","Alabama","45","      Information",0.50,-0.12,-0.09,0.40,0.16,0.19,-0.42,-0.41,-0.22,0.58,-0.68,0.69,0.30,-0.08,-0.43,-0.59,-0.12,0.09,0.12,-0.24,0.05,0.15,0.09,-0.42,0.29,-0.01,-0.35,-0.21,0.12,-0.22,-0.20,0.53,-0.04,0.14,-0.31,0.00,-0.07,-0.09,0.36,0.27,0.12,0.07,0.08,-0.12,0.00,0.08,0.00,0.07,0.07,0.13,0.22,-0.21,0.45,0.13,0.07,-0.16,0.52,0.10,0.12,-0.61,-0.08,0.53,0.09,-0.23,0.53
"01000","Alabama","51","      Finance and insurance",0.90,-1.89,-0.50,-0.89,-0.37,0.77,0.22,-1.71,-0.11,1.00,-2.26,1.10,-1.55,-2.65,-2.39,6.58,2.15,0.09,-0.93,-0.01,-0.12,-0.08,-0.28,-2.35,0.60,1.24,1.41,0.43,1.63,1.05,-0.50,-0.27,-1.08,-0.24,-0.31,1.41,1.37,-0.49,-0.17,0.67,0.15,-1.31,-0.47,-1.17,0.16,0.28,-0.19,-0.44,-0.86,0.24,0.16,-0.40,-0.06,0.14,-0.93,0.28,-0.15,-0.42,0.15,-1.55,0.34,0.44,0.81,0.09,0.23
"02000","Alaska","12","      Manufacturing",-1.23,0.52,0.00,0.68,-0.02,-0.48,0.81,-0.35,0.85,0.28,0.74,-1.29,0.09,-0.33,0.35,-0.79,1.71,-0.97,-1.20,-1.07,-1.22,-0.66,-0.66,-0.07,-0.34,-0.62,-0.07,0.54,-0.55,-0.30,0.51,1.39,0.67,1.21,-0.21,0.61,0.76,-0.07,0.70,0.62,0.33,0.81,-0.67,-1.15,0.03,0.25,0.49,0.70,0.51,-0.55,-0.90,-1.86,-0.99,-0.53,0.03,0.70,0.64,0.50,0.02,"(D)",-1.01,1.24,0.06,-0.61,0.22
"02000","Alaska","45","      Information",1.10,0.16,-0.26,0.09,-0.07,0.43,0.02,0.01,0.17,0.21,0.18,-0.41,0.78,0.00,0.36,-1.73,0.90,-0.15,0.04,0.32,-0.34,0.37,-0.24,0.32,0.45,-0.45,-0.13,0.66,-0.44,0.19,-0.19,0.66,-0.01,0.37,-0.08,-0.18,0.47,-0.13,0.32,0.92,0.11,-0.13,0.26,-0.38,0.06,0.12,-0.01,-0.67,0.23,0.38,0.27,-2.19,1.03,0.36,0.00,-0.59,0.10,0.01,0.17,-0.61,-0.06,0.78,0.28,-0.68,0.44
"02000","Alaska","51","      Finance and insurance",-0.14,0.59,-0.32,-1.13,-0.54,-0.17,-0.02,-0.11,0.15,-0.34,-0.40,0.59,-0.12,-0.52,-0.88,2.47,0.39,-0.12,-0.46,-0.14,-0.80,-0.19,0.58,-0.20,0.52,0.08,-0.14,0.26,-0.60,0.34,-0.36,-0.01,-0.15,0.22,0.14,0.17,0.51,-0.36,-0.38,0.43,-0.49,-0.35,-0.36,-0.68,0.11,0.28,0.38,-0.29,-0.04,0.34,0.20,-0.49,-0.02,0.06,-0.41,-0.01,-0.06,-0.17,0.11,-0.88,0.22,0.26,0.42,0.78,-0.01
"04000","Arizona","12","      Manufacturing",-0.77,0.70,1.47,1.52,0.78,1.11,3.07,-0.79,2.17,1.44,0.22,-0.79,-0.15,-0.13,-2.10,-3.09,-0.71,0.37,1.52,0.41,0.99,1.63,0.42,0.22,0.51,-0.48,0.96,2.17,-0.48,-1.17,-1.58,-0.61,-1.54,0.06,0.51,0.69,1.50,0.89,0.53,0.42,0.18,-0.10,0.84,0.23,-0.26,0.50,0.40,0.98,0.71,0.85,1.24,1.53,0.19,0.12,0.17,2.09,-0.16,-0.35,-1.02,0.93,-4.25,4.80,0.47,0.25,0.28
"04000","Arizona","45","      Information",0.39,0.09,-0.55,0.72,-0.15,0.91,-0.21,-0.04,0.21,0.41,0.19,0.17,0.29,0.11,-0.53,-0.29,-0.09,0.19,0.87,-1.05,0.29,0.48,0.35,-1.03,0.22,0.23,0.34,-0.57,0.44,-0.32,-0.09,1.26,0.05,0.45,0.02,1.00,0.15,-0.08,0.35,1.01,-0.14,0.16,0.52,0.69,-0.42,1.04,0.45,0.61,0.47,0.30,0.09,0.18,0.39,-0.17,-0.08,1.96,0.31,-0.07,0.45,0.01,-0.21,1.04,0.12,0.39,0.85
"04000","Arizona","51","      Finance and insurance",0.40,0.01,-1.71,-3.10,-2.63,-0.21,-0.15,0.20,1.10,-0.23,-0.95,0.20,0.24,-2.51,-2.92,4.63,0.88,0.08,-0.02,-0.13,-0.28,0.43,1.19,-0.10,0.75,1.04,1.09,1.34,0.37,1.33,-1.32,0.77,-0.99,-0.76,-0.22,0.56,-0.64,0.07,0.27,1.60,1.03,-0.95,0.38,-0.16,0.13,0.05,-0.30,-0.59,-1.45,0.09,0.34,1.01,0.25,0.27,-1.17,1.60,0.17,-0.45,0.99,0.77,1.21,1.22,1.42,0.72,0.36
"05000","Arkansas","12","      Manufacturing",0.55,1.39,2.90,1.79,-0.45,-2.40,-1.19,-3.29,-1.26,-0.58,-0.07,-2.00,0.66,-2.06,-4.95,-6.89,0.52,1.17,2.64,0.16,1.79,1.53,0.33,0.99,0.32,-0.94,0.65,-2.59,-0.31,-1.02,-0.20,4.38,0.14,1.58,0.58,-0.02,1.33,-0.06,-0.37,-0.79,-0.14,-0.56,-0.63,0.79,-0.16,0.07,-0.60,0.14,0.49,0.07,1.20,1.19,0.47,0.45,0.67,-0.51,1.27,0.84,0.01,-0.68,-5.61,7.97,0.57,0.28,1.05
"05000","Arkansas","45","      Information",0.02,-0.23,-0.08,-1.56,2.01,0.02,-1.70,-1.46,1.20,1.52,18.72,-15.57,1.25,-0.66,-0.65,9.27,-10.29,-1.15,-0.53,-1.13,1.24,-0.38,-0.20,-1.23,0.78,0.00,-0.63,-0.08,0.11,-0.43,-0.34,0.91,0.02,-0.03,-0.03,0.33,-0.28,-0.16,-0.17,0.42,-0.16,0.06,0.22,0.17,0.08,0.17,0.11,-0.45,0.18,0.20,0.25,-2.11,0.38,0.07,0.02,0.42,0.14,0.02,0.02,0.89,-0.15,0.45,0.06,0.80,0.59
"05000","Arkansas","51","      Finance and insurance",0.13,-0.07,0.13,0.49,-0.67,0.35,0.03,-0.05,0.53,-0.15,-0.40,1.67,0.08,-1.74,-2.38,3.73,0.12,0.22,-0.63,0.01,-0.49,1.00,1.03,2.29,0.16,0.10,-0.53,-0.62,-1.34,-0.73,-0.16,-0.92,0.75,0.07,0.85,-0.02,0.92,0.21,-0.60,0.26,0.94,-1.07,0.85,-0.95,0.36,0.41,0.27,-2.01,-0.51,0.41,0.43,-0.39,0.15,0.25,-0.73,1.15,0.05,0.02,0.77,-0.19,1.02,1.00,1.21,0.08,0.49
"06000","California","12","      Manufacturing",1.69,1.41,0.97,3.26,-1.73,-0.36,1.07,-0.36,1.79,2.65,2.83,-0.98,4.39,0.60,-4.80,2.54,-4.19,-0.65,0.85,0.09,-0.60,-1.91,2.47,-2.23,-0.37,-0.39,-0.77,2.04,-0.51,1.04,-1.15,1.63,0.72,1.26,1.06,-0.54,0.54,2.10,-0.45,0.41,1.75,-0.98,-0.39,2.18,-0.39,0.45,-0.27,2.52,1.21,0.94,0.83,0.81,0.74,0.66,0.75,-0.33,1.47,0.65,0.01,1.96,-5.27,7.13,-1.16,1.78,0.61
"06000","California","45","      Information",0.29,-0.20,1.30,1.01,-0.18,1.11,-0.01,0.81,0.95,0.86,0.53,-0.51,2.17,-0.24,-2.47,-0.65,0.06,0.14,1.30,1.58,0.10,1.74,0.25,1.04,-0.66,-0.85,-0.22,1.40,0.10,-0.70,-0.37,4.08,0.17,0.67,6.16,-3.71,0.88,0.82,-0.27,2.59,1.45,1.14,2.24,1.01,0.29,0.67,0.36,2.67,0.84,0.96,0.51,0.65,0.81,0.34,0.51,1.09,1.48,0.69,0.54,0.03,-0.66,2.56,0.38,2.71,2.99
"06000","California","51","      Finance and insurance",-0.27,0.87,0.38,0.23,0.37,0.53,-0.29,-1.23,0.32,-0.92,-1.19,-0.40,-0.38,-1.04,-2.76,6.01,2.20,-0.48,-0.20,-0.02,-1.48,-0.68,0.62,0.34,-0.26,0.64,0.59,0.65,-0.09,0.63,0.07,-1.53,0.50,-0.17,0.71,-0.88,0.61,0.23,0.21,0.25,0.29,-0.93,-0.82,0.12,0.06,0.37,0.56,0.19,-0.20,0.64,-0.07,-0.16,0.05,0.09,-0.96,0.49,-0.18,-0.18,0.53,-0.37,0.76,0.91,1.04,1.75,0.23
"08000","Colorado","12","      Manufacturing",0.31,2.18,0.10,0.84,0.96,0.07,0.58,1.12,-0.06,0.84,1.24,-1.23,1.53,-0.56,-1.47,-0.49,0.70,1.29,0.60,-0.47,-0.77,0.68,1.04,-0.91,0.27,-0.08,0.23,-0.64,0.06,-0.49,0.36,0.12,0.20,0.24,0.38,-0.58,1.21,1.03,-0.28,0.53,-0.62,-0.26,0.35,0.14,-0.46,0.01,-0.42,0.29,0.09,-0.46,1.07,0.47,0.10,0.02,0.12,0.57,0.73,0.13,-0.17,-0.23,-2.64,3.57,0.36,0.25,0.13
"08000","Colorado","45","      Information",0.62,-0.41,-1.31,3.72,-1.90,1.36,0.37,0.43,1.61,1.47,0.95,-1.07,0.06,1.20,-2.59,-0.57,0.28,0.25,0.82,-1.17,0.05,0.82,2.75,-2.40,0.71,-0.12,-0.89,-0.54,0.14,-0.32,-0.44,2.16,-0.03,0.23,-1.09,0.53,-0.94,0.15,3.34,-4.11,1.01,0.78,1.06,-2.25,0.53,1.07,1.15,-1.00,0.59,0.37,0.50,2.55,-0.30,-0.24,0.37,-0.10,1.69,1.68,0.44,-0.81,0.17,0.81,1.41,0.62,1.16
"08000","Colorado","51","      Finance and insurance",-0.13,0.59,-0.38,-0.35,-0.58,0.58,0.70,-0.92,1.16,-0.55,-0.89,-0.30,-1.05,-1.61,-2.63,6.16,1.30,0.35,-0.51,0.08,-1.44,0.00,0.15,0.30,-0.60,0.32,0.70,0.57,0.19,0.88,-0.56,-0.30,0.11,-0.41,-0.21,-0.59,0.56,-0.41,0.38,0.75,0.16,-0.61,0.24,0.08,0.51,0.45,0.18,-1.14,-0.85,0.28,0.35,0.16,0.22,0.26,-0.82,-0.03,0.51,-0.02,0.76,-0.03,1.19,1.03,1.16,0.52,0.23
"09000","Connecticut","12","      Manufacturing",-1.52,-0.57,2.02,9.15,1.10,0.00,0.50,2.73,-0.79,-0.78,-2.77,12.80,-4.38,-12.95,-6.84,-3.71,-4.22,-1.35,-0.45,2.64,1.29,1.52,-3.31,-2.06,2.43,-1.38,1.82,-2.75,1.41,-0.52,0.67,0.40,0.20,-0.42,0.86,-5.38,1.93,1.17,2.59,-2.87,-0.01,-0.66,-1.00,0.27,-3.84,-0.06,-0.61,0.38,2.02,1.54,2.47,-0.97,1.39,1.38,1.87,-1.19,0.66,0.09,-0.96,-2.64,-5.33,5.54,0.42,1.62,0.25
"09000","Connecticut","45","      Information",1.27,-0.93,0.17,0.40,0.60,0.53,0.03,1.20,1.03,0.30,-0.31,0.75,0.59,0.00,-0.45,-0.56,-0.03,0.09,1.48,-1.46,0.24,0.75,0.05,-0.33,-0.29,0.39,-0.56,-0.76,0.49,-0.16,0.61,1.44,1.26,0.34,-1.18,-0.14,0.13,0.54,1.00,1.49,0.39,0.99,0.21,0.41,0.26,0.56,0.46,-1.17,0.60,0.56,0.58,-0.06,0.80,0.30,-0.53,1.60,0.63,0.05,-0.06,-0.80,-0.61,1.03,0.09,-0.13,1.26
"09000","Connecticut","51","      Finance and insurance",-1.47,0.22,3.81,4.36,-4.68,1.03,4.79,5.87,-1.47,-3.50,-2.87,3.20,-6.19,-4.28,-10.37,20.98,5.02,0.19,-2.74,2.10,-4.63,-4.44,-1.81,-2.15,1.55,-0.37,-0.62,1.27,0.96,0.61,-1.31,-6.41,-0.83,-0.07,-1.28,0.01,0.60,0.89,1.52,5.54,0.77,-1.20,1.24,-0.89,2.10,3.09,3.65,1.47,-0.18,1.01,-0.68,-2.94,-2.31,-0.40,-1.65,-1.54,1.11,0.15,1.18,-4.73,0.27,2.01,2.89,-0.70,0.41
"10000","Delaware","12","      Manufacturing",1.12,4.18,3.09,-4.05,1.69,1.89,2.59,-2.36,3.28,-2.09,3.23,-7.39,-0.49,-1.83,-1.42,-0.09,-0.49,0.79,-0.38,-1.41,-0.70,-0.21,1.42,-2.50,2.10,0.36,-2.27,-0.78,-1.52,-0.43,-0.28,0.12,0.88,1.44,0.60,-1.83,0.83,0.24,0.87,3.21,1.42,-0.83,-1.15,-3.43,-0.64,0.12,0.54,1.54,1.44,0.31,0.27,-0.59,-0.19,0.16,0.63,1.30,1.27,1.13,0.31,-0.94,-4.04,4.39,1.03,-0.76,-0.47
"10000","Delaware","45","      Information",0.56,0.14,-0.20,-0.10,-0.10,0.68,-0.67,0.39,-0.17,0.53,0.95,0.11,0.81,0.04,-0.82,1.37,-0.95,0.05,0.81,1.04,0.90,1.61,-0.02,-0.30,0.39,0.71,0.44,0.01,0.61,-0.67,-0.99,-1.22,-0.74,-0.39,-0.24,-1.14,0.12,-0.18,-0.03,-0.42,-0.23,-0.16,0.13,0.14,-0.02,-0.01,-0.11,-0.58,0.01,0.13,0.24,-0.42,0.39,0.14,0.06,-0.03,0.11,0.06,0.06,-0.13,-0.07,0.35,0.05,-0.07,0.31
"10000","Delaware","51","      Finance and insurance",-9.82,-2.56,51.61,-17.77,0.35,-3.57,-3.24,7.33,6.21,-11.36,-13.52,-4.10,-5.98,-3.61,-3.95,32.51,15.33,1.24,-9.24,8.84,-10.59,-5.29,1.20,8.78,-3.72,7.48,-1.79,5.63,-7.21,-1.07,-11.12,-5.13,-2.00,0.04,16.62,6.53,11.39,6.95,1.05,4.50,1.90,-10.08,-5.21,-5.05,-3.56,-2.69,-2.79,-4.77,-7.08,-1.91,-2.18,-8.01,0.04,3.09,0.60,1.75,4.26,1.26,2.61,-9.36,1.41,1.92,4.53,-1.20,-0.47
"11000","District of Columbia","12","      Manufacturing",-0.03,-0.09,-0.02,-0.06,0.02,-0.04,0.09,-0.04,-0.05,0.05,-0.01,-0.01,0.00,-0.03,-0.06,0.04,0.03,0.00,-0.04,-0.01,-0.07,-0.02,0.10,-0.02,0.17,-0.21,-0.07,-0.07,-0.08,0.02,0.00,0.06,0.01,-0.04,0.00,-0.01,-0.05,-0.04,-0.02,0.06,0.06,0.05,-0.01,-0.01,0.03,0.03,0.02,"(D)",0.02,0.00,0.01,"(D)",-0.02,-0.03,-0.03,-0.02,-0.01,0.01,0.00,"(D)",-0.03,0.10,0.00,0.03,0.01
"11000","District of Columbia","45","      Information",0.67,-0.82,-0.48,-1.77,0.76,1.53,-0.13,-0.24,1.47,1.04,-0.51,0.05,-0.28,-0.18,0.65,-1.73,1.17,-0.99,0.12,0.76,-0.23,0.52,0.08,-0.06,0.23,-0.18,-0.43,-1.67,0.39,-0.19,0.06,2.77,-1.63,0.47,0.46,0.21,-0.50,-0.47,-1.19,1.93,0.47,0.42,0.88,0.15,0.19,0.34,0.12,1.08,0.25,0.36,0.57,0.75,0.84,0.33,0.17,0.44,0.75,0.40,0.54,2.44,-0.09,-0.22,-0.35,-0.46,0.64
"11000","District of Columbia","51","      Finance and insurance",1.17,0.42,-0.18,0.40,-0.04,0.96,0.38,0.49,-0.73,2.64,-0.49,-1.31,-0.88,-1.08,-1.51,1.33,1.88,-1.07,-0.37,0.96,0.06,-1.03,0.12,0.71,-0.60,0.54,0.16,0.38,0.56,-0.55,0.33,-0.52,-0.34,0.28,0.74,-1.07,1.35,0.13,0.23,0.73,0.14,-0.85,0.24,-0.01,0.61,0.59,0.42,-1.28,0.15,0.54,0.68,-0.17,0.45,0.34,-0.73,0.80,0.01,0.12,0.90,-1.13,0.92,1.10,1.18,0.65,-0.04
"12000","Florida","12","      Manufacturing",0.41,0.65,0.26,1.00,0.00,0.14,0.89,-0.11,1.20,0.30,-0.08,-0.88,-0.06,-0.29,-1.20,-0.96,0.16,0.15,0.35,-0.41,-0.45,0.27,0.20,-0.57,0.36,-0.05,-0.05,-0.44,-0.20,-0.09,0.27,0.66,0.64,0.47,0.37,-0.34,0.54,0.68,0.47,0.50,0.73,0.27,-0.06,0.51,-0.20,0.02,-0.08,0.54,0.20,0.09,0.38,0.23,-0.03,-0.04,0.01,0.63,0.25,0.11,-0.05,0.11,-2.13,2.91,0.29,0.86,0.27
"12000","Florida","45","      Information",0.45,0.36,-0.11,-0.61,0.60,0.41,-0.26,-0.35,0.47,0.45,0.06,0.67,0.26,-0.42,-1.03,0.74,-0.20,0.28,0.55,-0.79,-0.01,1.21,-0.58,-0.20,-0.11,-0.09,-0.12,-0.24,0.37,-0.19,-0.28,1.36,0.14,0.23,-0.12,-0.09,0.18,0.22,0.32,0.22,0.45,0.45,0.85,0.39,0.13,0.23,0.05,-0.16,0.24,0.35,0.41,-0.27,0.65,0.20,0.15,-0.31,0.43,0.26,0.26,-0.72,-0.15,1.04,0.16,0.95,0.97
"12000","Florida","51","      Finance and insurance",0.65,0.57,0.15,0.25,0.00,0.50,0.35,-0.72,0.32,-0.39,-1.24,-0.19,-0.41,-1.63,-2.22,4.50,0.69,0.15,-0.75,0.22,-1.02,-0.08,0.52,-0.30,0.06,-0.01,0.16,0.75,-0.15,0.46,-0.13,0.48,0.14,0.31,0.31,-0.52,0.93,-0.22,0.21,0.82,0.47,-0.76,0.18,-0.47,0.38,0.52,0.46,0.46,-0.57,0.41,0.28,0.63,-0.05,0.15,-0.86,1.17,0.05,-0.09,0.58,-0.07,0.72,0.94,1.18,1.10,0.37
"13000","Georgia","12","      Manufacturing",0.11,-0.01,-0.04,0.74,-1.93,-0.12,1.26,-0.88,1.33,0.99,0.72,-2.72,0.16,-1.41,-3.08,-2.25,1.65,0.75,1.28,-0.89,-0.99,0.43,2.31,-0.64,0.40,1.61,-1.84,0.98,-0.70,-1.19,-0.88,2.20,-0.26,-0.26,0.52,-0.49,1.29,0.87,0.38,-0.93,0.74,-0.08,0.42,0.92,0.33,0.38,0.11,0.85,0.43,-0.33,0.08,-0.17,-0.48,-0.54,0.82,-1.23,0.92,0.51,-0.42,-1.70,-4.16,4.52,0.33,0.55,0.36
"13000","Georgia","45","      Information",0.55,-0.81,-0.73,1.85,1.22,2.30,0.39,-4.70,0.85,2.36,2.64,-6.14,1.30,0.23,-1.47,-1.04,0.26,-0.04,0.62,1.70,-0.37,0.15,0.15,-0.19,0.25,0.68,0.71,-3.62,1.68,0.86,0.83,-0.63,0.51,0.45,-0.17,2.74,-1.42,-0.09,0.18,1.68,1.31,0.59,0.95,2.67,0.18,0.19,-0.32,3.09,0.23,0.80,0.11,-2.46,1.24,0.30,0.02,2.70,0.22,0.20,0.10,-1.34,-0.60,1.95,0.11,2.47,1.86
"13000","Georgia","51","      Finance and insurance",0.68,0.48,0.65,-0.74,0.83,0.68,0.29,-1.09,0.18,0.19,-0.44,1.91,0.46,-2.38,-3.39,7.24,1.22,0.49,-1.49,-1.37,-0.39,-0.13,0.80,0.82,0.16,0.27,0.86,0.58,-0.12,1.00,-0.67,-0.30,0.34,0.48,1.12,0.46,1.49,-0.39,-0.74,1.06,0.08,-1.53,0.78,-1.03,0.56,0.54,0.22,-0.79,-1.34,0.13,0.07,0.09,-0.22,0.10,-1.22,1.24,0.00,-0.20,0.69,-0.82,0.87,1.15,1.49,0.49,0.40
"15000","Hawaii","12","      Manufacturing",-0.05,-0.18,0.06,0.09,-0.12,-0.04,0.08,-0.39,0.16,0.27,0.39,0.42,0.51,-0.08,-0.50,-0.26,0.79,-0.24,0.09,-0.63,-0.53,-0.24,-0.06,0.05,-0.05,-0.33,0.02,0.31,-0.22,-0.12,-0.10,0.96,-0.10,0.36,0.07,0.04,0.45,0.15,0.05,-0.11,-0.14,0.06,-0.06,0.54,-0.04,-0.01,-0.10,-0.10,0.09,-0.08,0.06,0.10,-0.06,-0.14,-0.14,-0.41,-0.09,0.05,-0.11,-0.47,-0.70,0.90,0.15,0.07,0.10
"15000","Hawaii","45","      Information",0.29,0.61,0.26,0.30,0.65,-0.03,-0.26,0.60,0.40,0.66,-0.29,-0.49,0.12,-0.12,-0.25,-0.14,0.19,-0.01,0.86,-0.54,1.03,0.55,0.43,-1.74,-1.45,0.40,-0.59,0.26,0.12,-0.05,-0.09,0.91,-0.08,0.31,-0.18,-0.05,-0.15,-0.09,0.19,0.72,0.30,0.15,0.33,-0.18,0.02,0.12,0.06,0.51,0.11,0.14,0.17,0.53,0.36,0.01,-0.05,-0.97,0.16,0.11,0.16,-1.01,-0.04,0.63,0.11,0.50,0.62
"15000","Hawaii","51","      Finance and insurance",-0.28,-0.08,-0.12,0.05,-0.46,0.23,0.13,-0.58,0.81,0.30,0.05,0.04,0.64,-1.28,-1.74,3.34,-0.42,-0.58,-0.57,0.12,-0.23,0.36,0.38,0.91,0.12,-0.06,0.38,0.41,-0.68,-0.06,-0.87,-0.47,-0.59,0.04,0.31,0.46,0.97,0.15,0.10,0.46,0.23,-0.59,0.15,-0.62,0.22,0.27,0.20,-0.13,-0.36,0.33,0.37,-0.05,0.10,0.05,-0.72,0.61,-0.23,-0.17,0.38,-0.13,0.67,0.76,0.84,0.92,0.56
"16000","Idaho","12","      Manufacturing",4.97,-0.24,-1.92,-0.77,-4.56,-0.49,-0.95,-0.16,0.96,2.83,1.67,1.93,4.36,0.79,-2.55,-0.65,-2.57,3.85,-0.36,0.34,0.44,2.98,1.60,-2.08,0.28,-0.19,1.70,0.42,1.73,-3.42,-1.65,1.41,0.35,0.05,1.02,-0.55,-0.32,0.55,2.65,-2.40,-1.05,-0.73,-1.51,4.98,-1.61,-0.07,-1.15,3.84,0.31,-1.02,-0.53,4.37,1.14,1.25,1.00,-1.88,1.20,1.04,0.05,0.18,-4.12,6.19,0.58,-0.56,0.28
"16000","Idaho","45","      Information",0.15,-0.04,-0.16,0.25,0.41,0.46,-0.43,0.55,0.02,0.69,-0.18,0.73,0.65,-0.09,-0.43,-0.12,-0.34,0.15,0.25,-0.28,-0.04,0.42,0.02,-0.49,0.38,-0.26,0.10,-0.38,0.20,0.28,-0.66,0.97,0.09,0.08,-0.02,-0.24,-0.05,-0.02,0.09,0.32,0.23,0.14,0.22,-0.11,0.08,0.18,0.11,0.09,0.16,0.17,0.20,-0.47,0.36,0.09,0.06,0.45,0.23,0.10,0.10,-0.84,-0.10,0.49,0.07,0.61,0.53
"16000","Idaho","51","      Finance and insurance",-0.22,0.99,0.55,0.23,0.46,0.50,0.27,0.00,0.54,-0.02,-0.50,0.56,-0.40,-1.58,-2.41,3.21,0.05,-0.34,-0.75,0.07,-0.94,0.11,0.93,0.06,0.25,0.26,0.45,-0.01,-0.54,0.97,-1.41,1.12,-0.54,-0.19,0.19,1.16,0.81,-0.83,-0.29,0.82,-0.11,-0.31,0.20,-0.85,0.39,0.52,0.51,-0.57,-0.28,0.47,0.41,0.40,0.13,0.14,-0.78,0.98,-0.18,-0.24,0.32,1.14,0.60,0.67,0.83,0.18,0.36
"17000","Illinois","12","      Manufacturing",-1.31,0.80,0.70,0.44,0.20,-0.61,1.09,-0.11,1.27,0.16,-0.25,-3.49,1.70,-0.52,-2.34,-0.98,0.40,1.29,1.31,-0.35,0.37,1.01,0.66,1.33,1.04,-0.55,1.40,3.98,-1.69,-1.60,-1.06,-1.20,-1.39,0.36,1.51,-1.24,2.09,0.77,-0.90,-0.54,-2.14,2.29,-2.43,-0.19,0.82,0.23,-0.15,-0.49,0.95,0.29,1.37,1.03,0.85,0.20,0.09,-1.34,0.89,0.63,-0.27,-0.54,-5.51,7.18,1.02,1.06,0.50
"17000","Illinois","45","      Information",-0.09,0.09,-0.19,-0.44,0.58,0.13,0.16,0.56,0.02,0.29,0.37,0.08,0.15,0.76,-1.16,-0.50,0.18,-0.16,1.24,-1.08,0.12,0.47,0.19,0.29,-0.03,0.16,-0.21,0.07,-0.05,-0.25,-0.09,1.14,-0.01,0.12,-0.12,-0.08,0.11,0.12,-0.23,1.23,0.10,0.25,0.29,0.25,0.04,0.13,-0.04,-0.56,0.07,0.18,0.32,0.26,0.57,0.15,0.04,0.37,0.30,0.13,0.17,-0.36,-0.16,0.94,0.15,-0.08,0.80
"17000","Illinois","51","      Finance and insurance",1.16,0.50,0.31,1.76,-0.07,1.28,-1.20,0.94,-0.82,-1.43,-1.74,-0.63,-2.35,-3.17,-1.97,7.17,4.12,0.87,0.65,-4.71,0.48,0.57,-1.10,-0.55,-0.10,1.23,1.12,0.32,1.87,-0.70,1.33,-5.06,0.42,-0.92,1.02,1.87,1.56,0.37,-0.11,1.33,1.57,-2.17,-0.06,-1.70,0.30,0.52,0.39,-1.42,-1.06,0.95,1.02,-0.18,0.73,0.87,-1.19,0.42,0.66,-0.46,0.60,-2.33,0.88,0.99,1.80,0.83,0.40
"18000","Indiana","12","      Manufacturing",-1.01,-0.95,0.36,-0.50,-1.86,3.24,3.13,4.63,6.55,3.93,3.37,-2.13,-0.69,-6.40,-7.56,-13.87,-0.42,3.09,8.95,7.47,3.17,3.90,-1.43,-0.14,-3.04,-3.26,1.66,-2.11,-1.19,-1.81,0.22,6.86,0.14,2.97,-0.53,2.45,2.25,-0.40,-3.22,-3.05,0.15,-3.31,-0.70,3.44,1.22,0.73,-0.85,-0.04,0.59,0.24,2.67,1.60,1.06,0.30,0.15,-2.93,1.24,1.42,0.11,-1.43,-9.54,16.06,2.05,5.32,2.10
"18000","Indiana","45","      Information",0.20,0.07,-0.24,0.08,0.32,0.23,-0.16,0.17,0.27,0.27,0.05,0.19,0.23,0.07,-0.26,-0.32,0.32,-0.24,0.11,-0.27,0.03,0.30,0.22,-0.70,0.09,0.17,-0.25,0.54,0.12,-0.27,-0.19,0.86,-0.12,0.13,-0.23,-0.01,0.10,-0.05,0.06,-0.04,0.14,0.07,0.14,-0.09,0.03,0.09,0.02,-0.11,0.10,0.16,0.22,-0.65,0.35,0.10,0.05,-0.30,0.17,0.09,0.10,-0.51,-0.06,0.45,0.07,0.03,0.29
"18000","Indiana","51","      Finance and insurance",0.65,-0.05,-0.91,0.49,0.05,0.73,0.53,0.32,1.52,-0.20,-1.15,-1.35,-1.69,-1.81,-2.42,5.01,1.78,0.42,-0.01,-0.55,-1.04,-0.12,0.26,-0.23,-0.11,0.15,0.51,0.82,-0.09,-0.21,-1.32,-2.36,-0.51,0.56,1.54,3.02,1.83,0.67,0.17,0.83,-0.09,-1.02,0.83,-1.32,0.60,0.62,0.43,-1.02,-0.64,0.42,0.44,-0.01,0.39,0.61,-0.36,1.32,0.21,-1.36,1.17,-2.14,0.07,0.27,0.75,0.56,0.23
"19000","Iowa","12","      Manufacturing",-0.17,-0.49,0.92,6.11,0.06,-1.15,0.30,-1.56,0.58,2.06,2.10,-2.23,1.58,-1.82,-3.37,-10.44,0.68,3.09,3.85,-0.13,2.28,0.24,-1.51,-2.87,0.41,0.14,3.61,3.47,1.83,-1.65,-2.79,1.45,-1.36,0.21,1.36,2.54,3.84,1.73,0.69,0.05,-1.52,-1.77,-3.47,-2.43,-4.17,-0.32,0.08,2.38,2.79,1.23,1.39,1.14,-0.24,-0.07,0.71,-2.90,0.69,0.84,-0.28,-0.45,-7.46,10.08,1.28,1.37,0.52
"19000","Iowa","45","      Information",-0.04,0.56,-0.40,-0.13,0.85,0.93,-0.74,0.64,0.24,0.24,0.40,-0.31,0.62,-0.19,0.15,0.34,-0.20,-0.10,0.58,0.01,0.01,-0.07,0.30,-1.04,0.54,-0.01,0.55,-1.20,-0.02,-0.11,-0.46,0.67,-0.23,0.32,-0.45,0.47,-0.22,-0.01,0.07,0.43,-0.13,0.31,0.41,-0.72,0.15,0.16,0.00,0.04,0.06,0.18,0.31,-0.38,0.52,0.19,0.10,-0.27,0.26,0.10,0.10,-0.71,-0.14,0.58,0.08,0.20,0.50
"19000","Iowa","51","      Finance and insurance",-0.35,1.37,-3.29,-3.75,-1.26,0.80,5.50,4.68,5.15,-0.29,-4.20,-6.18,-5.88,-6.34,-5.68,9.88,3.04,0.95,-0.63,1.73,-2.13,-0.52,3.00,-2.76,1.81,1.35,1.36,3.10,-0.43,1.32,-4.59,-2.45,-1.78,0.92,3.19,3.65,4.99,1.35,0.27,4.37,0.92,0.61,2.67,-1.12,1.49,1.03,-0.05,-4.23,-2.86,0.10,0.44,-0.58,0.28,0.49,-2.09,1.59,0.22,0.46,2.63,-1.37,3.57,3.31,3.19,0.73,0.67
"20000","Kansas","12","      Manufacturing",1.15,0.61,-0.01,5.92,1.56,2.30,6.56,0.25,1.36,0.33,0.19,-3.35,0.57,-2.05,-5.74,-6.98,1.47,0.20,2.58,2.69,2.27,2.13,-1.44,4.53,3.44,-2.68,-1.70,8.37,-2.95,-7.69,-4.16,-4.36,1.14,0.18,4.22,-4.40,5.42,5.13,1.66,-3.48,-0.88,3.27,2.28,-4.47,3.59,2.24,0.42,-3.07,2.07,0.41,1.85,1.47,1.16,0.06,-0.36,1.19,-0.23,0.02,-1.35,0.17,-6.12,8.08,0.65,0.01,1.03
"20000","Kansas","45","      Information",-3.64,0.67,-4.06,14.34,-0.52,-3.17,-0.55,3.86,3.77,-0.94,1.40,-3.23,1.14,0.88,-1.10,-4.30,1.23,0.03,-0.55,-6.53,-0.85,0.09,3.58,-2.58,-0.84,-0.87,-0.88,5.17,-1.46,-2.12,-0.68,7.48,0.26,0.17,-1.27,4.07,-1.88,-0.50,-1.00,-3.65,1.36,-0.82,-0.10,1.02,-0.04,-0.02,-0.22,4.22,-0.27,-0.06,-0.19,0.09,0.49,0.24,0.37,-5.25,0.16,0.12,0.17,-0.38,-0.37,0.47,-0.01,0.44,0.62
"20000","Kansas","51","      Finance and insurance",1.10,0.14,-0.27,-0.65,-0.62,1.06,0.40,0.65,1.09,0.03,-0.47,1.23,-0.36,-2.69,-2.48,4.38,0.22,0.15,-0.63,-0.07,-1.15,0.27,0.14,0.55,0.59,0.75,1.47,0.76,0.45,0.41,-0.67,-1.31,0.35,-0.06,0.47,0.65,1.44,-0.49,-0.24,0.44,-0.13,-0.91,0.86,0.06,1.14,0.18,1.50,-1.03,-0.81,0.10,-0.10,-1.76,-0.32,-0.08,-0.92,0.26,0.03,0.04,0.77,-0.21,1.10,1.10,1.13,0.47,0.20
"21000","Kentucky","12","      Manufacturing",0.66,1.72,3.20,3.61,1.10,-0.11,-1.16,-3.06,0.28,-1.16,0.81,0.20,0.03,-4.31,-5.03,-8.75,1.11,2.85,4.34,1.51,2.49,3.02,-0.51,-1.75,-1.95,2.36,3.73,0.51,3.03,-0.03,0.25,3.59,-0.45,0.35,-0.98,-0.37,0.65,-0.74,-0.96,-0.60,1.13,-1.54,-0.56,-1.94,2.28,0.83,0.55,-0.61,3.24,0.12,1.37,-2.84,1.86,-0.11,0.22,0.94,1.31,1.14,-0.84,-1.49,-6.48,10.18,0.97,0.16,2.46
"21000","Kentucky","45","      Information",0.52,-0.14,-0.44,0.52,0.06,0.18,-0.17,0.08,0.00,0.41,-0.15,2.26,0.21,-0.12,-0.87,2.24,-0.43,0.23,0.40,-0.59,0.29,0.31,0.28,-1.80,0.94,0.15,0.36,-2.17,0.17,-0.10,-0.13,0.17,-0.09,0.01,-0.48,0.80,0.23,-0.20,0.80,-0.79,0.40,0.24,0.06,-0.08,0.04,0.09,-0.03,0.20,0.08,0.19,0.31,-0.95,0.53,0.12,0.02,0.22,0.16,0.08,0.11,-0.52,-0.08,0.61,0.09,0.58,0.46
"21000","Kentucky","51","      Finance and insurance",0.32,0.55,0.20,-0.14,0.10,0.55,-0.83,-0.47,0.06,0.17,-0.19,0.79,0.48,-1.73,-2.56,4.10,0.93,-0.20,-0.20,-0.44,-0.54,-0.29,0.86,-0.12,0.51,-0.22,0.51,0.23,-0.46,0.65,-1.29,0.17,0.70,0.23,-0.09,0.73,0.70,0.03,0.10,1.01,0.07,-0.29,0.67,-0.34,0.66,0.53,0.17,-1.18,-0.91,0.30,0.43,-0.17,0.26,0.25,-1.26,0.48,-0.05,0.03,0.91,-0.59,1.35,1.27,1.25,1.02,0.30
"22000","Louisiana","12","      Manufacturing",4.33,-1.29,-1.89,-8.70,-7.52,-4.87,-3.74,-7.76,-2.16,-1.53,1.50,-3.13,1.45,-3.28,-6.54,-4.70,2.33,2.93,7.49,7.20,0.03,-1.68,-5.90,-6.34,-6.18,-3.75,3.23,2.46,0.22,-5.09,-5.65,-2.18,-1.56,0.00,1.99,3.77,5.05,1.72,0.46,-3.62,-2.23,-2.81,-2.37,-1.69,1.49,0.57,1.22,2.74,2.48,-0.12,0.93,1.08,-0.39,-1.22,-1.68,-0.46,0.93,0.96,-0.53,-2.06,-5.91,8.43,0.42,-0.81,0.10
"22000","Louisiana","45","      Information",-0.06,0.48,0.09,-0.21,0.12,-0.02,-0.06,0.58,0.00,0.41,-0.09,0.19,0.50,-0.86,0.09,-0.13,-0.39,0.84,0.00,0.07,0.39,0.37,0.01,-0.45,-0.07,-0.39,0.19,0.28,-0.01,-0.36,-0.12,0.77,0.22,0.39,-0.21,-0.79,0.67,-0.24,0.65,-0.03,0.91,0.02,-0.51,-0.47,0.04,0.17,0.14,-0.08,0.18,0.15,0.15,-0.37,0.32,0.04,0.02,-0.15,0.22,0.08,0.09,-1.28,-0.09,0.46,0.08,-0.64,0.42
"22000","Louisiana","51","      Finance and insurance",-0.33,-0.46,1.54,-1.06,-0.28,0.15,-0.19,0.13,0.08,0.09,-0.32,1.27,0.01,-1.11,-1.58,2.93,0.24,-0.09,-0.49,0.54,-0.68,0.45,-0.36,0.80,-0.20,-0.07,-0.43,0.62,-0.67,-0.21,-0.92,-0.12,-0.32,-0.14,0.37,0.97,1.09,-0.12,0.38,0.45,0.36,-0.33,0.93,-0.67,0.80,0.79,0.61,-0.72,-0.38,0.36,0.29,0.06,-0.04,0.08,-0.72,-0.29,0.04,0.08,0.71,0.02,0.92,-0.04,1.51,-0.17,0.31
"23000","Maine","12","      Manufacturing",-0.43,-0.66,1.20,0.08,1.50,-1.56,0.32,0.32,0.75,1.23,1.69,-2.69,1.67,-0.83,-2.28,-3.03,2.06,0.90,1.04,-0.03,-0.46,0.85,-2.64,1.11,-1.32,-0.92,1.17,-0.24,1.16,-2.49,-1.38,1.19,-1.26,0.53,0.51,-0.67,0.88,-0.10,0.02,-1.03,-1.21,-0.04,0.15,0.82,0.97,0.77,0.42,0.83,0.68,0.26,0.87,-0.19,0.10,0.04,0.10,0.78,0.55,0.29,-0.34,0.30,-4.15,5.08,0.41,2.08,0.70
"23000","Maine","45","      Information",0.31,-0.29,0.33,-0.72,0.17,0.17,-0.44,0.13,-0.24,0.06,-0.07,-0.03,0.39,-0.14,0.14,-0.24,0.17,-0.04,0.05,0.62,-0.31,0.27,-0.24,-0.80,-0.02,-0.19,-0.02,-0.32,-0.08,-0.35,-0.11,0.98,-0.19,-0.08,-0.34,0.12,-0.10,0.03,-0.18,0.31,0.63,0.12,0.18,0.21,0.06,0.11,0.02,-0.40,0.07,0.13,0.23,0.23,0.39,0.10,0.01,-0.27,0.15,0.05,0.09,-0.52,-0.06,0.46,0.08,0.05,0.37
"23000","Maine","51","      Finance and insurance",-0.05,0.46,-0.77,-0.21,-0.14,0.37,-0.43,0.16,0.93,-0.54,-0.22,1.69,-0.04,-1.98,-3.06,4.73,0.61,0.51,-0.83,0.17,-0.98,-0.06,0.23,0.74,-0.45,0.54,0.86,0.26,-0.27,0.09,-1.26,0.34,-0.87,-0.24,0.37,-0.69,1.30,-0.31,1.56,-0.23,0.73,-0.69,0.29,-1.13,0.50,0.77,0.85,0.63,-0.31,0.60,0.27,-0.11,-0.14,0.25,-0.73,1.02,0.43,0.31,1.15,-0.56,1.35,1.38,1.44,0.40,0.32
"24000","Maryland","12","      Manufacturing",-0.26,0.23,0.90,0.16,0.27,0.86,0.34,-0.74,3.00,-1.37,0.99,-0.49,0.89,0.04,-0.50,-0.81,1.01,1.01,1.21,0.23,-0.94,0.46,0.76,-1.05,0.52,-0.49,-0.32,-0.73,-1.60,-0.19,-0.32,2.00,-0.32,0.68,-0.13,-0.46,0.31,-0.19,-0.23,0.22,-0.09,-0.20,0.48,0.88,0.51,0.14,-0.27,0.66,-0.10,-0.13,0.47,0.24,0.32,0.20,0.16,0.29,0.48,0.35,0.03,-0.16,-1.60,3.28,0.26,1.49,0.23
"24000","Maryland","45","      Information",0.47,0.30,-0.32,-1.55,0.70,1.18,0.89,-5.12,1.14,0.48,-0.31,5.21,-0.29,-0.51,-0.89,1.95,-0.15,0.19,1.41,1.94,0.31,0.18,-0.23,-0.43,0.89,0.13,0.98,-2.83,0.80,0.10,-0.26,-1.13,0.38,0.42,0.05,-2.54,0.52,-0.09,-0.15,1.68,-0.30,0.64,0.42,1.20,0.15,0.26,0.07,0.39,0.26,0.34,0.15,-2.26,0.45,0.55,0.99,-2.93,0.98,0.54,0.19,-0.71,-0.40,0.72,0.02,2.07,0.22
"24000","Maryland","51","      Finance and insurance",0.98,1.25,0.08,-0.72,-1.04,0.54,-0.60,1.88,-0.89,-1.31,-0.88,-0.49,-0.63,-1.53,-0.47,2.16,1.52,0.31,-0.75,-0.30,-1.08,-0.25,0.43,-0.22,-0.98,0.45,0.02,1.81,-0.62,0.87,-1.28,-0.36,-0.19,-0.02,1.21,1.44,1.16,-0.20,0.06,-0.01,-0.47,-1.17,0.24,0.39,0.92,0.88,0.64,-1.31,-0.47,0.51,0.52,-0.42,0.27,0.32,-0.76,0.08,-0.14,-0.35,0.18,-0.83,0.28,0.51,0.87,0.53,0.25
"25000","Massachusetts","12","      Manufacturing",-0.98,1.27,1.73,1.46,0.99,0.56,1.26,2.09,1.34,1.63,2.61,-3.66,0.25,-1.04,-2.21,-1.22,0.33,0.78,2.09,1.26,0.89,1.80,0.84,-1.65,1.97,-3.02,1.93,0.29,0.26,-0.66,-0.25,-0.83,0.62,1.12,-0.62,0.18,0.76,1.06,1.06,0.39,-0.36,-1.08,-0.05,0.57,-0.32,-1.00,0.65,-1.37,1.00,0.34,1.15,0.38,0.57,0.47,0.63,-1.29,0.75,0.54,0.09,-0.18,-3.83,5.50,0.65,1.61,0.39
"25000","Massachusetts","45","      Information",0.67,-0.47,-0.16,-0.61,0.96,0.40,-0.10,0.36,0.20,1.18,0.80,1.02,0.79,0.09,0.20,-1.71,-0.35,0.62,0.45,1.00,0.81,1.00,-0.17,-0.23,1.02,-1.06,0.39,-0.75,0.19,0.20,-0.04,0.45,0.24,0.29,-0.30,0.28,-0.01,0.00,0.00,1.82,-0.22,-0.03,0.26,0.74,0.12,0.28,0.05,0.34,0.22,0.35,0.58,0.45,0.89,0.28,-0.86,0.90,0.66,0.41,0.62,0.74,0.07,1.86,-3.40,1.37,1.47
"25000","Massachusetts","51","      Finance and insurance",0.69,-0.04,0.45,-0.60,0.74,-0.06,2.40,-2.18,-1.30,1.11,-2.25,0.66,-1.90,-3.13,-4.31,11.68,3.14,0.20,-2.58,1.15,-1.64,-1.36,0.23,-2.15,0.93,2.57,1.32,0.23,2.95,0.65,0.26,-3.76,0.18,-0.68,0.92,-3.33,1.34,-0.12,2.79,0.90,0.45,-0.65,1.63,-1.49,0.47,-0.05,0.95,-1.46,-1.11,0.89,1.19,-1.13,3.11,0.55,-1.67,-0.27,0.26,-0.22,1.20,-1.80,1.52,1.92,1.51,0.20,0.41
"26000","Michigan","12","      Manufacturing",-0.11,-1.50,2.04,-1.47,1.25,0.11,-1.29,4.41,-0.10,0.44,-1.37,-4.40,-1.83,-4.60,-6.85,-13.42,0.85,2.14,4.24,3.37,7.98,5.74,-1.13,3.75,-1.88,-0.32,3.81,0.49,0.35,-1.85,2.11,2.15,1.47,1.26,0.20,-2.91,2.06,0.47,-0.85,0.26,-1.27,0.82,-0.60,-0.79,3.66,0.10,-0.92,-1.53,2.75,0.48,2.04,-1.93,2.50,-0.23,-0.49,-1.49,-0.21,0.62,-0.12,-3.75,-6.89,12.23,2.08,-0.12,2.60
"26000","Michigan","45","      Information",0.07,-0.28,-0.25,0.18,-0.09,0.35,-0.16,0.00,0.23,0.27,-0.37,0.11,0.30,-0.16,0.02,-0.28,0.27,-0.08,0.04,0.01,0.14,0.55,-0.16,-0.36,0.15,-0.03,0.14,-0.33,-0.01,-0.32,-0.13,1.25,-0.04,0.52,-0.67,0.51,0.26,-0.08,-0.04,0.62,0.09,0.25,0.26,0.16,0.08,0.16,0.06,-0.66,0.14,0.20,0.30,-0.14,0.54,0.21,0.15,-0.06,0.34,0.14,0.13,-0.39,-0.15,0.68,0.10,-0.46,0.62
"26000","Michigan","51","      Finance and insurance",-0.89,0.86,0.14,0.45,0.00,0.44,0.44,1.48,-0.44,-1.98,-2.81,-1.32,-2.06,-2.46,-1.33,3.04,2.13,0.89,-0.58,-1.25,-0.91,0.14,0.02,-0.46,0.15,0.12,1.40,0.38,-0.07,0.66,-1.69,-0.91,-0.59,-0.58,0.47,1.07,1.29,-0.04,0.78,0.28,2.01,-0.77,0.37,-0.76,0.22,0.08,-0.27,-1.63,-1.14,0.06,0.34,-0.36,0.47,0.52,-0.48,1.14,-0.51,0.23,0.14,-0.69,0.29,0.38,0.76,0.00,0.29
"27000","Minnesota","12","      Manufacturing",1.79,1.89,1.17,-0.67,0.74,-2.34,0.71,-2.16,0.46,0.87,1.31,-0.19,2.84,-0.18,-2.33,-3.34,1.45,-0.31,1.69,-1.61,1.94,2.12,1.87,-1.69,2.57,-0.54,0.71,0.67,-1.38,-0.56,-0.76,2.08,0.80,1.28,0.43,0.95,1.89,1.07,-0.69,0.70,-2.10,1.15,-0.58,1.30,-0.92,0.23,-0.64,-0.50,0.43,0.39,1.34,0.77,0.41,0.15,0.34,-1.47,0.08,0.41,-0.06,-0.48,-5.50,7.81,1.04,2.05,0.59
"27000","Minnesota","45","      Information",0.30,0.54,-0.84,-0.32,0.85,-0.31,1.00,0.41,-0.15,0.33,0.42,-0.18,0.63,0.89,-0.97,-0.50,0.10,-0.01,0.93,-0.52,0.58,-0.13,1.19,-0.78,0.38,0.58,-1.25,0.22,0.23,-0.25,-0.40,1.38,-0.11,0.25,-0.25,0.20,0.09,0.10,-0.07,1.11,-0.70,0.17,0.30,-0.28,0.15,0.26,0.11,-0.18,0.18,0.19,-0.31,0.12,0.43,0.06,-0.01,0.54,0.28,0.13,0.16,-0.74,-0.16,0.89,0.13,-0.51,0.69
"27000","Minnesota","51","      Finance and insurance",0.77,0.62,-1.07,-0.36,-1.90,0.42,-0.55,0.21,1.28,-1.06,-1.57,-2.95,0.25,-1.63,-3.97,7.87,2.04,0.17,-1.28,-0.39,-1.19,-0.26,1.72,-0.15,0.30,-0.54,0.12,1.87,-0.70,-0.17,0.73,-2.97,2.14,0.90,0.74,0.83,1.35,-0.49,0.07,0.98,-0.62,-0.31,0.56,-0.53,1.51,0.98,-0.82,-0.68,-1.80,0.27,0.72,1.25,0.59,0.46,-1.55,0.93,-0.41,-0.43,0.81,-1.69,1.32,1.44,1.72,-0.38,0.29
"28000","Mississippi","12","      Manufacturing",0.22,0.50,2.88,2.45,1.39,0.34,2.18,-2.16,0.23,2.34,1.61,-1.76,1.03,-1.96,-4.79,-6.94,2.47,-0.33,2.37,0.14,-0.10,-0.51,-1.47,0.48,0.05,0.16,2.75,3.89,-0.37,-1.19,-2.37,-0.37,-3.51,0.44,0.04,1.35,2.61,-0.63,0.32,-1.31,1.16,-0.70,-0.17,1.05,0.21,0.45,0.19,0.70,0.49,-0.25,0.42,-1.55,-0.77,-0.45,0.04,0.78,1.12,0.94,0.32,-1.09,-5.61,8.75,0.91,0.84,0.52
"28000","Mississippi","45","      Information",0.18,0.25,0.77,-0.41,0.06,-0.21,-0.34,0.39,-0.25,0.16,-0.13,0.62,0.41,0.06,-0.37,-0.41,-0.04,0.09,0.34,-0.59,0.32,0.32,0.04,-0.68,0.25,0.09,-0.24,0.41,0.12,-0.07,-0.05,1.18,-0.25,0.07,-0.24,0.16,1.26,-1.23,0.70,0.38,0.21,0.26,0.20,-0.27,0.08,0.16,0.07,-0.53,0.13,0.19,0.26,-0.49,0.53,0.07,-0.04,-0.25,0.10,0.03,0.07,-0.59,-0.09,0.53,0.07,-0.24,0.40
"28000","Mississippi","51","      Finance and insurance",-0.04,0.34,0.83,-0.82,-0.13,-0.03,0.02,-0.49,0.44,0.11,0.22,1.11,0.29,-1.31,-2.47,4.70,-0.09,-0.32,-1.04,0.17,-0.87,0.34,0.99,-0.32,0.42,-0.06,-0.13,0.78,-0.43,-0.17,-1.33,0.58,-0.30,0.13,0.78,0.92,0.60,-0.56,-0.38,0.40,0.24,-0.18,0.83,-1.10,0.86,0.72,0.36,-2.07,-0.82,0.11,0.10,-0.24,-0.10,0.04,-0.87,0.14,-0.04,-0.03,0.67,-0.84,0.95,0.97,1.00,0.90,0.30
"29000","Missouri","12","      Manufacturing",0.11,-0.39,1.43,-0.81,0.98,-2.06,-0.43,-0.16,1.70,-0.57,1.18,-2.53,1.60,-3.48,4.85,-8.72,-0.39,-0.56,1.62,0.70,2.11,1.35,-2.15,-2.17,1.02,-0.09,1.40,2.60,0.11,-0.61,-0.62,1.16,-0.29,-0.18,-0.61,-1.02,1.98,0.47,0.93,1.18,-0.59,-0.15,-2.52,-1.15,-0.16,-0.15,-0.38,-0.98,2.40,-0.10,0.02,-1.82,0.40,0.10,1.09,-0.56,1.43,1.19,-0.24,-0.09,-4.98,6.63,0.75,-0.19,1.07
"29000","Missouri","45","      Information",0.92,-0.42,-0.62,0.85,1.10,0.16,0.30,-1.14,0.45,0.86,0.14,1.74,0.37,0.17,0.18,-2.40,0.87,1.31,0.42,-0.09,-0.73,-0.02,-0.11,0.09,1.03,0.21,-0.70,-0.02,-0.07,-0.86,1.12,-0.56,0.14,-0.41,-0.05,-1.06,0.65,0.20,0.25,-0.75,-0.21,0.28,0.00,-0.09,0.16,0.43,0.43,-1.09,0.41,0.26,0.19,-0.59,0.44,0.14,0.20,-0.01,0.62,-0.08,0.50,-1.77,-0.25,0.84,0.20,-0.83,0.71
"29000","Missouri","51","      Finance and insurance",0.56,0.32,0.28,0.55,-0.74,0.29,-0.71,-1.22,0.52,0.40,-0.24,1.04,0.57,-2.69,-4.15,11.15,2.00,0.37,-1.04,1.16,-2.31,-0.41,0.47,0.45,-1.49,-0.16,0.66,-0.77,-0.11,-1.11,-1.40,-0.59,-0.47,0.43,0.73,-1.46,1.56,-0.15,0.12,0.02,0.18,-1.44,-0.57,0.89,0.29,0.34,0.14,-1.01,-0.96,0.71,1.06,0.27,0.05,1.13,-1.43,0.89,-0.39,-0.33,0.84,-0.45,1.21,1.52,1.71,-1.32,0.33
"30000","Montana","12","      Manufacturing",-1.16,-0.33,0.25,-0.27,0.48,0.96,2.51,1.75,1.98,0.42,-0.08,-3.25,-1.07,-2.38,-2.80,-1.73,-0.44,0.31,0.72,2.19,-1.50,0.61,0.63,1.61,0.17,-0.17,-0.12,-0.37,-0.92,-0.62,0.43,1.11,-0.12,0.84,0.53,0.84,1.20,1.87,1.24,2.21,0.28,-0.18,-2.03,-2.68,-1.63,0.19,1.95,3.98,2.73,0.93,0.35,-0.01,-1.15,-1.47,-1.72,-1.51,-0.96,-0.56,-0.32,0.44,-1.78,3.10,0.34,1.43,0.45
"30000","Montana","45","      Information",0.13,-0.10,-0.07,0.24,0.32,0.46,-0.22,-0.22,0.33,0.53,0.20,0.01,0.17,-0.07,-0.09,0.61,-0.17,0.00,0.00,0.71,-0.04,0.17,0.44,-0.93,0.57,-0.15,-0.24,-0.27,0.14,-0.06,-0.21,0.92,-0.11,0.12,-0.27,-0.34,0.17,-0.02,0.16,0.39,-0.01,0.26,0.26,-0.14,0.14,0.18,0.05,0.21,0.12,0.21,0.31,-0.61,0.51,0.10,-0.01,-0.30,0.15,0.06,0.12,0.09,-0.06,0.61,0.11,0.20,0.42
"30000","Montana","51","      Finance and insurance",-0.46,0.49,0.18,0.12,-0.07,0.70,-0.04,-0.43,0.85,0.18,-0.21,1.24,0.37,-1.75,-2.28,4.99,0.59,-0.24,-0.93,0.30,-1.34,0.25,0.47,0.39,0.17,-0.02,0.46,0.15,-0.33,-0.12,-0.82,-0.21,-0.22,0.33,-0.12,0.22,0.97,-0.17,-0.10,0.33,0.01,-0.79,0.48,-0.79,0.55,0.48,0.22,-0.49,-0.73,0.25,0.33,0.06,0.13,0.13,-0.88,0.75,-0.26,-0.31,0.33,-0.45,0.62,0.66,0.87,1.14,0.30
"31000","Nebraska","12","      Manufacturing",1.25,1.83,2.62,3.28,2.06,-2.69,0.33,-1.53,-0.29,1.15,2.29,-1.18,3.19,-0.02,-3.00,-2.89,0.21,1.01,2.64,-0.07,1.51,0.21,1.37,1.76,1.20,1.00,1.31,-1.08,0.22,-0.67,-0.96,2.61,-0.70,-0.52,-0.70,0.51,-0.89,-1.20,-1.64,-0.07,-1.68,0.08,-0.05,-1.44,0.51,0.26,-0.92,-0.02,-0.01,0.10,1.44,2.21,1.23,0.59,0.24,0.97,0.30,0.65,-0.25,1.59,-4.30,6.24,0.59,1.41,0.59
"31000","Nebraska","45","      Information",-0.22,0.51,-0.17,-0.14,1.17,-0.61,-0.48,0.18,0.43,1.32,5.87,-6.33,1.44,-0.54,-0.69,0.15,-0.14,-0.20,-0.02,0.32,0.04,0.25,-0.37,1.04,-0.13,0.53,-0.83,-0.14,-0.04,-0.45,-0.30,1.49,-0.16,0.28,-0.13,0.22,-0.01,-0.23,0.17,0.84,0.22,0.32,0.39,0.85,0.17,0.29,0.17,-0.27,0.23,0.25,0.34,-0.59,0.57,0.30,0.31,-0.35,0.55,0.22,0.15,-0.31,-0.21,0.71,0.11,-0.43,0.60
"31000","Nebraska","51","      Finance and insurance",2.05,2.46,2.94,-4.26,4.31,-1.25,1.26,0.88,3.51,-1.07,-2.88,-3.14,-3.03,-4.01,-4.41,10.39,1.29,0.54,-2.06,1.19,-2.13,-0.09,0.46,-0.86,1.03,-0.04,1.67,1.22,0.62,0.86,-1.85,-0.76,-1.34,1.03,1.73,3.34,1.95,0.99,0.64,2.64,1.42,-1.97,0.16,-2.63,0.88,2.40,3.71,3.37,1.24,1.36,-0.89,-1.76,-2.48,-0.70,-1.10,3.05,1.57,0.95,1.94,-1.16,1.77,2.15,2.45,1.88,0.27
"32000","Nevada","12","      Manufacturing",0.65,-0.42,0.38,0.04,0.13,0.16,0.67,0.79,1.01,0.65,1.15,-0.66,-0.14,-0.40,-1.05,-1.45,-0.21,-0.48,-0.42,-0.10,0.10,-0.07,-0.61,0.63,0.04,0.13,0.66,1.46,-0.28,0.29,-0.61,0.71,-0.64,0.78,0.39,-1.14,0.04,0.06,1.26,-2.14,0.99,-1.10,-0.60,1.31,-0.01,0.05,-0.11,1.92,-0.03,-0.06,0.16,2.60,-0.28,-0.25,-0.17,1.11,-0.09,0.02,-0.01,1.06,-1.97,3.37,0.45,1.04,0.74
"32000","Nevada","45","      Information",2.89,-2.35,-0.15,-0.17,0.38,0.54,0.02,-0.51,0.36,0.50,0.57,-0.53,0.20,-0.10,-0.38,1.54,-0.48,-0.19,-0.20,1.49,-0.53,0.29,-0.18,-0.46,0.45,0.32,0.13,-0.89,0.20,0.00,0.46,-0.48,0.10,-0.07,-0.60,2.23,-0.27,-0.57,0.03,0.32,0.52,0.82,0.79,-0.14,0.34,0.20,-0.13,-0.03,-0.04,0.15,0.26,0.38,0.84,0.05,-0.05,1.27,0.02,0.06,0.05,-0.41,-0.18,0.86,0.05,3.15,0.27
"32000","Nevada","51","      Finance and insurance",-1.65,0.37,0.03,-0.47,-0.54,-0.14,-0.96,1.30,-0.16,-0.42,0.36,-0.98,0.85,-0.43,-1.86,2.93,0.00,0.04,-0.34,-0.37,-0.84,0.34,0.59,-0.23,0.58,0.65,1.09,-0.09,0.26,0.56,-1.28,0.14,-1.13,-0.74,-0.45,0.89,0.24,-0.30,0.30,1.73,0.54,0.11,0.18,-0.67,0.41,0.39,0.16,0.07,-0.91,0.06,0.03,1.42,-0.10,0.36,-0.34,0.95,0.40,0.02,0.45,0.52,0.54,0.71,1.04,-0.43,0.23
"33000","New Hampshire","12","      Manufacturing",-1.95,0.33,1.74,1.97,0.76,0.81,2.64,-2.01,2.09,-0.02,0.54,-1.01,-1.62,-1.17,-0.57,-2.46,1.35,1.36,0.03,0.37,4.22,-0.66,0.20,0.13,1.83,-0.63,0.16,-1.19,-0.89,-0.05,1.84,2.51,0.11,0.39,-1.21,-2.92,-0.32,0.32,0.86,1.01,2.91,1.93,0.68,0.75,-0.56,-0.33,-1.00,-0.60,-0.63,0.15,1.49,1.59,0.75,0.32,0.03,-0.60,-0.13,0.00,0.03,0.28,-4.71,6.88,0.13,-0.69,0.19
"33000","New Hampshire","45","      Information",0.28,0.56,-1.05,0.55,0.01,0.48,0.08,-0.86,1.47,-0.11,0.69,-0.06,1.36,-0.32,-0.73,-0.52,-0.14,0.93,0.67,-1.21,1.90,-1.72,0.39,-1.17,0.60,0.64,0.19,-0.16,0.02,0.04,0.29,1.23,-0.58,0.83,0.15,0.14,4.44,-4.29,0.18,0.00,0.65,0.44,0.48,0.31,0.11,0.23,0.07,-0.91,0.30,0.42,0.57,-0.16,0.77,0.19,-0.03,0.70,0.26,0.17,0.30,-0.24,-0.07,1.25,0.22,-0.14,0.79
"33000","New Hampshire","51","      Finance and insurance",1.35,-1.03,-0.61,0.96,0.72,3.32,0.84,-2.53,2.71,-2.29,-1.66,0.40,-1.50,-2.62,-2.79,8.15,0.32,2.61,-1.64,0.94,-1.38,-0.33,0.35,-0.87,0.96,2.22,-0.13,1.12,2.25,-0.15,0.33,-2.23,-0.91,0.56,1.60,3.23,-0.87,1.55,4.33,-2.46,-0.56,-1.42,2.74,0.06,-0.41,0.53,2.66,-5.36,-0.85,-1.91,3.66,-2.97,3.46,0.60,-1.10,1.56,-0.29,-0.74,-0.04,-1.92,0.12,0.46,1.10,-1.81,0.05
"34000","New Jersey","12","      Manufacturing",-1.43,-0.50,0.88,1.36,0.32,-0.43,2.00,-2.08,1.44,0.81,2.47,1.16,0.55,-1.23,-4.58,-3.08,-1.58,-0.47,0.81,3.47,-1.90,-0.72,-1.68,-0.57,-1.33,-1.36,0.73,-0.50,-0.94,-0.72,-1.40,2.16,-0.37,-0.43,0.42,0.85,0.86,-0.28,0.46,-1.35,-0.14,0.11,-0.48,4.94,-1.44,-0.20,-1.34,-0.55,0.90,-0.15,0.40,1.53,0.87,0.52,2.71,-2.08,1.06,1.54,-0.11,0.19,-3.68,4.83,0.70,0.89,0.22
"34000","New Jersey","45","      Information",0.46,0.33,-0.42,0.19,1.39,0.05,-0.26,0.33,1.17,0.69,0.31,0.40,-0.10,-0.17,-0.12,-0.34,-0.54,0.33,0.13,-0.41,0.17,1.15,-1.14,-0.41,0.10,0.17,-0.15,-0.28,0.64,-0.79,-0.37,2.91,-0.98,0.05,-0.25,0.12,-0.03,-0.16,0.00,0.66,0.61,0.57,0.51,-0.59,0.22,0.19,-0.15,-0.34,-0.01,0.27,0.54,0.60,0.92,-0.01,0.55,-0.97,0.38,0.21,0.21,0.45,-0.21,1.21,0.17,0.94,1.16
"34000","New Jersey","51","      Finance and insurance",0.71,0.49,0.21,0.63,0.11,1.06,-1.08,-2.68,-0.88,-1.14,-0.46,1.82,-0.56,-2.10,-2.88,5.17,2.11,0.31,-0.44,0.65,-1.80,-0.36,-0.03,-1.10,-0.12,1.07,1.77,1.86,1.57,1.03,-1.05,-0.20,-0.94,-1.18,-0.96,-2.75,-0.58,-1.12,0.23,2.04,0.82,-0.77,0.70,-0.43,0.54,0.51,0.23,-0.82,-0.92,0.46,0.62,-0.55,0.40,0.34,-1.08,0.02,-0.22,-0.22,0.67,-1.05,1.08,1.09,1.27,-0.07,0.37
"35000","New Mexico","12","      Manufacturing",-3.28,-1.57,0.79,0.88,-1.51,-1.51,-0.45,-2.11,-0.19,-0.28,-2.92,-4.30,-0.54,0.85,2.28,2.88,2.23,1.29,0.42,-2.48,-0.81,-1.61,-1.09,-0.72,-0.54,-0.06,0.50,0.10,-0.03,-1.03,-0.40,-1.14,-0.70,0.35,1.20,-0.16,0.66,1.52,-1.05,3.29,-1.48,-0.86,-0.09,0.28,0.11,0.20,0.12,-0.97,0.22,-0.12,-0.01,0.11,-0.18,0.02,0.38,1.91,0.68,0.64,0.13,-0.40,-1.70,2.40,0.25,-0.01,0.55
"35000","New Mexico","45","      Information",0.43,-0.48,-0.08,0.84,0.28,0.75,-0.40,0.35,0.05,1.32,1.21,0.92,0.51,0.20,-0.52,-0.28,-0.04,-0.18,0.30,0.57,-0.75,1.18,-1.04,0.26,-0.28,-0.74,0.07,1.51,-0.71,-0.72,-0.79,0.78,-0.12,-0.68,-0.18,-0.55,0.29,-0.06,1.23,-0.39,1.22,-0.07,-1.39,1.19,0.01,0.15,0.08,-0.76,0.16,0.19,0.24,-0.75,0.53,0.08,0.02,-0.45,0.22,0.06,0.07,-1.66,-0.14,0.49,0.07,0.48,0.24
"35000","New Mexico","51","      Finance and insurance",0.29,0.16,-0.36,0.20,-0.08,0.36,-0.18,-0.52,0.32,0.07,0.15,0.28,0.08,-0.94,-1.84,2.87,0.18,0.11,-0.76,0.07,-0.50,0.12,0.35,-0.04,0.32,0.18,0.43,-0.21,-0.26,0.12,-0.58,-0.42,-0.30,0.19,1.06,-0.26,0.92,0.11,0.64,-0.18,0.07,-0.48,0.66,-0.71,0.34,0.27,0.06,-1.04,-0.56,0.23,0.35,0.20,0.22,0.13,-0.67,0.08,-0.16,-0.06,0.52,-0.40,0.84,0.76,0.76,0.27,0.17
"36000","New York","12","      Manufacturing",0.20,0.08,0.62,1.13,-0.07,-0.17,0.37,-0.33,-0.03,0.06,0.26,-1.16,0.72,-0.57,-1.03,-1.04,1.34,0.39,0.41,0.13,-0.21,-0.14,-0.37,-1.08,0.01,-0.95,0.35,0.20,-0.57,-0.49,-0.57,0.79,-0.13,0.21,0.09,-0.19,0.51,0.00,0.17,0.22,-0.22,1.31,-1.48,0.27,-0.37,0.10,-0.11,-0.19,0.33,0.02,0.18,-0.66,0.01,0.08,0.27,-0.37,0.39,0.38,0.06,-0.64,-1.65,2.23,0.26,0.55,0.40
"36000","New York","45","      Information",0.05,-0.04,1.17,-2.04,0.85,0.94,-0.22,2.24,0.27,0.17,-0.33,1.05,1.05,-0.15,-1.30,2.36,0.84,-0.54,1.11,1.04,0.92,1.14,-0.74,0.39,0.19,-0.42,1.11,-0.12,0.30,-0.11,0.74,0.33,0.71,0.79,-0.54,0.59,0.52,-0.53,0.58,1.89,0.12,1.44,0.08,1.61,0.09,0.29,-0.08,0.07,0.23,0.44,0.44,3.29,0.71,0.14,0.16,1.28,0.67,0.43,0.26,0.27,-0.68,2.24,0.19,0.49,2.07
"36000","New York","51","      Finance and insurance",3.29,2.91,1.63,7.83,-4.79,-2.07,1.47,7.71,-13.06,-1.57,-7.47,2.66,-9.23,-0.29,-4.09,17.52,14.97,4.75,0.66,-1.02,1.41,-9.45,-3.31,8.24,-6.23,3.19,0.17,4.01,6.33,2.64,3.33,-12.24,2.33,-0.67,3.05,-1.05,-0.35,0.91,2.26,-1.75,3.12,-4.37,-3.23,4.97,2.22,1.57,0.11,-1.46,-3.07,0.39,-3.46,-0.39,0.80,1.19,-2.37,1.39,1.77,0.10,2.47,-3.26,2.68,3.47,4.13,2.83,0.07
"37000","North Carolina","12","      Manufacturing",1.41,3.37,4.32,5.96,3.96,1.23,2.95,-1.51,-0.39,0.53,1.74,-4.39,1.65,-2.47,-4.66,-1.46,2.04,1.52,2.48,-0.70,-2.77,-0.08,1.88,-0.65,3.14,-3.05,-1.39,-1.86,-2.78,-1.16,-0.42,5.99,1.14,1.36,-1.46,-2.05,-0.41,-0.16,0.64,2.48,0.55,-0.21,-1.96,0.83,-1.05,-0.68,-0.99,0.25,0.72,-0.09,1.22,-0.33,-0.39,0.42,-0.32,-1.09,0.74,0.60,-0.13,-1.20,-6.01,8.90,0.69,2.12,1.13
"37000","North Carolina","45","      Information",-0.56,0.05,0.51,-0.59,0.58,0.50,-0.37,0.03,0.35,0.60,0.55,-0.32,0.51,0.20,-0.10,-1.31,0.17,0.17,0.74,-0.25,0.05,0.38,0.21,-0.41,-0.06,0.13,0.13,0.26,-0.19,-0.15,-0.08,1.38,-0.14,0.05,0.30,1.05,-0.10,0.51,-0.06,0.95,0.20,0.49,0.19,0.70,0.15,0.25,0.09,-0.14,0.17,0.24,0.35,-0.12,0.66,0.26,0.20,-0.90,0.49,0.24,0.25,-0.16,-0.13,0.94,0.18,0.86,0.92
"37000","North Carolina","51","      Finance and insurance",-2.87,-1.87,-1.32,6.87,-3.50,-2.40,-2.47,2.41,-4.54,-2.62,-1.05,14.17,-0.41,-0.11,0.26,-6.27,4.94,2.62,1.07,-7.24,1.03,0.52,3.12,0.07,0.16,-0.53,-1.24,4.86,-1.50,0.11,0.42,-4.43,1.07,1.92,0.80,-0.25,-0.84,-0.03,-0.34,1.28,0.17,-1.07,0.17,-0.22,0.64,1.07,1.24,0.96,-0.71,0.37,-0.39,-0.90,-0.95,-0.30,-1.53,2.97,-0.08,-0.57,0.25,-1.18,0.46,0.66,1.32,0.85,0.42
"38000","North Dakota","12","      Manufacturing",2.95,1.02,1.72,0.60,0.93,-1.08,-0.03,-0.81,0.69,2.04,2.54,1.71,0.28,-0.68,-3.78,-3.70,-0.72,-0.70,0.24,-1.03,1.38,-0.02,0.50,-1.70,2.31,1.04,2.69,-0.08,1.41,-0.42,-0.12,0.83,-0.49,0.56,-0.32,0.50,0.70,0.69,-0.13,0.40,-0.38,-0.36,-0.78,-1.28,-1.05,0.21,0.19,0.09,0.63,-0.03,-0.19,0.92,-0.79,-0.32,0.34,1.46,0.51,0.67,0.18,-0.23,-3.17,4.16,0.62,2.86,0.50
"38000","North Dakota","45","      Information",-0.11,-0.59,-0.38,0.35,0.52,0.64,1.39,-0.43,0.65,0.65,0.24,-0.49,0.73,0.15,-0.95,1.82,-0.69,-0.10,-0.16,1.01,-0.13,0.03,-0.03,-0.05,0.15,-0.27,-0.06,0.34,-0.19,-0.17,-0.42,0.72,-0.11,0.29,-0.19,0.15,0.43,0.14,0.04,-0.23,-0.02,0.01,0.19,0.71,0.05,0.12,0.03,0.38,0.10,0.17,0.24,-0.33,0.39,0.09,0.02,-0.23,0.23,0.16,0.22,-0.03,-0.04,0.78,0.14,-0.05,0.59
"38000","North Dakota","51","      Finance and insurance",-0.12,-0.43,-0.13,0.04,0.76,0.66,-0.54,-0.72,0.83,0.38,-0.18,1.59,-0.05,-1.23,-2.22,5.54,0.19,0.35,-0.29,0.17,-0.25,0.08,-0.36,1.70,-0.63,0.52,0.84,1.77,-0.12,-0.28,-1.60,-1.13,-1.28,-0.20,0.89,1.52,1.71,0.48,0.03,0.22,0.08,-0.59,0.13,-0.73,0.36,0.40,0.29,-1.07,-0.54,0.36,0.36,0.07,0.11,0.14,-0.81,0.29,-0.02,0.07,0.88,-0.71,1.26,1.16,1.18,0.73,0.31
"39000","Ohio","12","      Manufacturing",-1.07,0.45,1.41,-0.51,0.50,0.08,0.02,-0.55,0.03,0.27,-0.69,-2.46,0.37,-2.20,-6.19,-7.75,0.22,0.40,3.19,0.18,1.28,1.31,1.42,1.62,0.00,1.34,1.44,-2.43,-0.59,-1.83,-1.46,2.98,-0.36,1.68,1.61,2.07,2.94,0.88,-0.29,-1.91,-1.40,-1.19,0.42,-0.71,1.22,0.67,0.13,-1.09,1.77,0.12,1.04,-0.79,0.14,-0.17,0.09,-0.16,0.93,0.94,0.28,-1.70,-6.35,9.30,1.19,0.77,0.87
"39000","Ohio","45","      Information",0.13,-0.03,-0.24,-0.39,0.25,0.24,-0.04,0.23,0.35,0.13,0.25,0.20,0.45,0.00,-0.33,2.20,-0.56,-0.07,0.17,2.29,-0.02,0.07,-0.21,1.27,0.33,0.03,0.33,-1.43,0.48,0.17,-0.33,-0.21,0.05,0.43,0.17,-2.92,0.36,0.19,0.42,-0.91,0.48,0.11,0.24,-0.30,0.04,0.13,0.02,0.03,0.09,0.14,0.23,-0.26,0.44,0.09,0.03,-0.13,0.23,0.10,0.12,-0.57,-0.12,0.65,0.10,0.09,0.57
"39000","Ohio","51","      Finance and insurance",0.78,0.90,-0.48,0.05,-0.65,-0.37,-0.28,-0.30,-0.38,0.62,-1.21,1.52,0.12,-3.08,-4.16,8.59,0.43,-0.08,-1.47,-0.20,-1.80,0.26,0.81,-0.24,0.02,0.49,0.93,0.03,0.44,-0.02,-1.08,0.53,-0.29,0.28,1.00,1.46,1.23,0.36,0.31,0.67,0.73,-1.21,1.24,-0.68,0.84,0.64,0.07,-1.42,-1.57,0.50,0.84,0.87,0.94,1.22,-0.60,1.70,0.60,0.04,0.97,-1.89,1.14,1.30,1.81,-1.46,0.46
"40000","Oklahoma","12","      Manufacturing",-0.09,0.07,1.80,5.50,0.35,-0.13,-0.63,-2.66,0.26,1.93,2.42,2.92,3.61,-1.52,-1.58,-6.26,-1.93,-1.99,-0.63,-2.64,0.06,1.42,-0.11,-2.14,3.88,1.58,2.21,-0.45,0.36,-1.55,-0.50,-0.12,-0.95,-0.02,0.99,-0.84,2.23,1.21,0.05,-0.12,-1.28,-1.14,-0.95,-1.97,-0.47,0.00,-0.13,2.02,0.72,0.12,0.32,2.88,-0.17,0.10,0.80,-0.46,0.48,0.71,-0.08,-2.87,-3.90,5.58,0.69,-0.09,0.32
"40000","Oklahoma","45","      Information",0.69,0.00,-0.05,0.19,-0.07,0.21,-0.60,0.51,0.08,0.50,0.09,0.03,0.37,-0.11,-0.56,-0.86,0.33,0.19,0.25,-0.80,0.22,0.20,-0.27,-0.37,0.25,-0.21,0.58,-0.57,-0.06,-0.19,-0.28,1.37,-0.33,0.08,-0.12,0.50,0.00,-0.01,0.17,0.67,0.34,0.24,0.08,0.46,0.11,0.24,0.18,0.11,0.32,0.37,0.35,-0.34,0.47,0.09,0.04,-0.40,0.16,0.08,0.04,-0.68,-0.21,0.68,0.04,-0.20,0.30
"40000","Oklahoma","51","      Finance and insurance",0.45,-0.16,-0.05,0.33,-0.44,0.47,-0.11,-0.22,0.17,0.05,-0.39,0.22,-0.09,-1.53,-1.79,4.24,0.27,0.43,-0.82,0.18,-0.86,-0.12,0.01,0.19,0.03,0.38,0.63,0.16,0.26,0.06,-0.87,-0.61,-0.11,0.00,0.55,0.73,0.97,-0.19,0.15,-0.65,0.19,-0.63,0.11,0.00,0.35,0.31,0.12,-0.37,-0.72,0.07,0.05,-0.41,-0.08,0.05,-0.61,0.14,-0.01,-0.05,0.44,-0.89,0.70,0.71,0.80,0.77,-0.10
"41000","Oregon","12","      Manufacturing",-1.08,1.00,2.27,5.43,-0.85,1.74,-0.02,-1.69,2.10,2.54,4.06,-0.37,1.78,1.12,-3.12,-2.35,-1.16,1.70,0.47,4.63,-1.65,0.52,1.23,6.69,-1.72,-0.25,1.25,-0.28,-2.07,-2.22,-1.06,2.50,0.81,1.13,0.46,-2.84,2.11,1.90,0.74,1.89,-0.57,0.29,-0.34,2.03,-0.46,0.44,-0.22,0.72,0.67,0.96,1.14,2.52,0.26,0.16,0.22,-1.02,0.25,0.32,0.53,-1.01,-5.42,8.80,1.17,2.24,0.32
"41000","Oregon","45","      Information",0.53,0.04,-0.31,0.75,-0.29,1.03,-0.04,0.20,1.14,0.38,0.23,0.15,0.36,0.32,-0.66,0.13,-0.38,-0.08,0.21,0.37,-0.26,0.99,0.04,-0.49,0.95,-0.62,-0.26,-0.04,0.09,-0.13,0.15,0.63,-0.24,0.33,-0.12,0.23,0.45,-0.65,0.89,0.46,0.07,0.63,0.68,-0.34,0.17,0.22,0.01,1.37,0.08,0.25,0.43,0.56,0.69,-0.48,0.93,-0.55,0.47,0.22,0.25,-0.11,-0.14,1.05,0.19,0.22,0.93
"41000","Oregon","51","      Finance and insurance",0.20,0.43,-0.06,0.42,0.06,0.56,-0.18,-0.37,0.48,0.14,-0.38,-0.32,-0.13,-1.46,-2.12,4.97,1.13,-0.17,-0.73,-0.20,-0.99,-0.15,0.55,0.08,-0.20,0.45,0.68,0.48,-0.22,0.11,-1.41,-0.50,-0.78,-0.12,0.61,1.00,1.13,0.30,-0.19,0.16,0.62,-0.22,0.85,-0.32,0.68,0.48,0.06,-1.27,-0.86,0.18,0.37,-0.03,0.29,0.28,-0.67,0.61,-0.16,-0.29,0.20,-0.59,0.37,0.47,0.72,-0.19,0.34
"42000","Pennsylvania","12","      Manufacturing",-1.20,-0.69,1.43,0.69,0.15,-0.37,1.04,-1.60,1.05,0.87,0.85,-1.25,0.66,-1.27,-3.09,-2.77,0.34,0.08,1.46,-0.76,-0.46,0.65,-0.44,-0.61,0.08,-0.41,0.51,-0.07,-0.26,-0.83,-0.29,2.29,0.53,0.72,1.03,-0.11,2.03,0.69,0.39,-0.26,-1.26,-0.96,-0.56,0.55,0.06,0.47,0.00,0.97,0.70,-0.39,-0.17,0.36,-0.78,-0.22,0.84,0.24,1.30,1.63,0.54,-0.62,-4.44,7.23,1.00,0.36,0.41
"42000","Pennsylvania","45","      Information",0.78,0.14,0.66,-5.05,1.32,1.39,-1.27,6.44,0.43,1.12,0.85,5.98,0.83,-0.03,-1.13,-3.12,0.50,0.92,1.58,-0.22,-0.21,0.84,-0.95,-1.30,0.71,0.83,0.59,0.08,2.02,-0.50,-0.58,1.75,0.45,-0.23,-0.11,-1.65,0.23,0.28,0.61,-0.25,0.78,0.70,0.71,2.33,-0.02,0.07,-0.28,-1.94,0.49,0.96,0.87,-2.33,1.43,0.87,1.02,-2.33,1.00,0.73,0.20,-0.18,-0.67,1.04,0.32,-0.18,1.16
"42000","Pennsylvania","51","      Finance and insurance",0.86,0.39,0.16,-0.13,0.22,1.03,0.19,-2.09,0.23,1.43,2.76,-3.92,1.46,-1.84,-2.14,4.14,0.45,-0.08,-0.10,-0.35,-0.71,-0.08,-0.18,0.65,-0.25,0.40,0.29,-0.02,0.25,0.45,-0.29,-1.36,0.26,0.01,0.78,0.00,1.45,-0.03,0.55,0.21,0.59,-1.02,0.31,-1.07,0.59,0.61,0.37,-1.81,-0.66,0.58,0.65,-0.61,0.22,0.35,-0.99,1.30,-0.10,-0.30,0.52,-1.49,0.67,0.81,1.39,0.50,0.36
"44000","Rhode Island","12","      Manufacturing",-1.11,0.55,1.38,3.59,1.53,-0.85,-1.56,-0.46,-4.09,-0.74,1.20,-0.27,1.81,-0.12,-2.03,-3.82,0.49,0.79,0.52,0.20,0.07,1.63,-1.40,0.14,-0.29,-1.32,0.88,-0.37,0.10,-0.43,0.46,2.60,-0.07,0.60,-0.33,-1.59,-0.01,0.11,1.27,0.45,1.95,-0.10,0.46,-0.45,0.01,-0.05,-0.45,-0.67,-0.13,0.07,0.93,-0.21,0.20,-0.24,-0.55,-1.28,-0.43,-0.21,-0.09,-0.25,-2.84,4.28,0.47,-0.03,0.73
"44000","Rhode Island","45","      Information",3.70,-3.24,2.95,-1.62,1.28,-0.25,-0.33,-0.96,-1.12,0.70,-0.21,1.52,-0.42,1.47,-0.87,-0.18,0.10,0.06,0.46,-0.89,0.63,1.38,-0.11,-0.70,1.24,-1.06,-0.04,-0.43,-0.01,-1.47,-0.11,1.08,-0.10,-0.35,-0.07,0.31,0.47,0.24,-0.92,1.25,-0.85,-0.32,0.53,-0.44,0.17,0.40,0.41,-3.07,0.35,0.30,0.28,-0.67,0.37,0.08,0.05,-0.24,0.28,0.13,0.16,-0.51,-0.08,0.59,0.11,-0.58,0.38
"44000","Rhode Island","51","      Finance and insurance",1.89,0.17,-0.58,-0.43,0.34,3.76,2.28,-1.56,3.01,-2.63,-4.95,-3.14,-2.81,-1.13,3.05,6.70,5.49,1.93,-2.15,-2.40,-2.91,-2.39,2.11,-2.60,3.35,1.37,-0.96,1.91,1.74,0.80,-1.99,-2.13,0.12,0.30,0.57,3.54,-0.49,-1.68,4.98,-3.07,-0.40,-1.31,4.44,-1.01,-0.30,0.70,-0.02,-1.19,-1.20,-1.55,2.03,-3.64,0.87,1.03,-0.49,1.97,0.44,0.09,1.23,-1.54,1.63,1.48,1.91,-3.01,-0.11
"45000","South Carolina","12","      Manufacturing",-1.05,-0.41,2.82,-0.03,-0.11,-0.63,1.00,-0.15,1.90,1.59,0.65,-3.32,0.54,-0.86,-3.61,-5.76,1.41,1.22,4.06,-1.21,1.58,1.07,0.54,2.15,0.31,-0.63,1.54,0.31,-0.97,-1.52,-0.44,1.92,-1.41,0.90,-0.13,-0.51,2.93,0.25,0.77,1.84,0.33,1.28,-0.71,2.04,-0.63,-0.15,-1.05,-0.41,-0.11,-0.27,0.92,-0.28,1.00,0.18,0.45,0.55,0.97,0.83,0.30,-2.57,-5.39,8.54,0.80,1.89,0.72
"45000","South Carolina","45","      Information",0.66,-0.07,-0.20,1.09,-0.29,0.25,-0.34,0.59,0.08,0.45,-0.15,1.11,0.46,0.11,-0.39,0.01,-0.22,0.09,0.45,-0.44,-0.38,0.45,0.11,-1.04,0.43,0.42,-0.25,-0.53,0.44,-0.36,-0.12,0.78,0.09,0.16,0.42,-0.28,0.10,0.05,0.47,0.78,0.25,0.35,0.00,0.71,-0.10,0.00,-0.10,1.67,-0.03,0.07,0.10,1.23,0.36,0.00,0.03,0.16,0.20,0.15,0.08,-0.39,-0.24,0.80,0.04,1.64,0.68
"45000","South Carolina","51","      Finance and insurance",0.56,0.35,-1.06,1.26,-1.33,0.27,-0.29,0.17,0.63,0.06,1.06,-0.75,0.69,-1.13,-2.50,6.63,-0.37,-0.35,-1.80,1.22,-1.47,-0.61,0.56,0.67,-0.17,-0.35,-1.19,1.86,-1.36,-0.32,0.29,-1.64,1.13,0.83,0.22,1.21,-0.45,-1.38,-0.79,1.25,0.20,0.12,1.77,-2.28,1.19,0.96,0.54,-0.98,-0.51,0.48,0.73,-0.77,0.31,-0.07,-1.36,1.84,-0.80,-0.45,0.46,0.98,0.61,1.24,1.22,0.26,0.11
"46000","South Dakota","12","      Manufacturing",-0.55,-0.54,0.04,4.04,-1.08,-0.55,1.50,0.19,1.84,1.61,1.10,-2.98,0.87,0.25,-0.56,-5.95,0.63,0.55,0.43,0.87,0.22,1.85,-0.52,2.10,1.70,0.50,2.88,-3.74,0.62,-0.29,0.29,0.60,0.03,-0.77,-0.32,0.84,0.55,0.92,-0.33,0.63,-0.88,-0.14,-0.24,2.57,-1.42,1.03,0.07,-0.84,0.72,0.72,0.55,-0.77,-0.21,-0.58,-0.79,0.38,-1.40,-0.42,-0.15,0.64,-2.84,5.21,0.81,0.73,0.43
"46000","South Dakota","45","      Information",0.32,0.06,-0.37,0.38,0.04,0.75,-0.18,0.10,0.86,-0.37,0.36,0.10,0.08,0.14,-0.16,0.44,-0.15,0.33,0.18,0.44,0.06,0.35,-0.18,-0.46,0.27,-0.08,0.19,-0.31,0.21,-0.22,-0.42,0.85,0.06,-0.18,-0.14,0.87,0.00,-0.03,0.61,-0.16,0.61,0.10,0.38,-0.30,0.02,0.14,0.08,-0.36,0.21,0.22,0.17,0.66,0.30,-0.05,-0.07,0.83,0.04,0.04,-0.02,-0.18,-0.24,0.61,0.01,-0.45,0.40
"46000","South Dakota","51","      Finance and insurance",-1.93,2.39,1.03,2.64,-0.65,1.23,-2.17,6.55,0.00,-5.98,-4.19,16.56,-4.69,-5.25,-6.31,21.03,4.77,0.17,-4.00,-6.81,-4.24,2.83,7.14,-5.15,5.67,2.07,0.95,8.36,-3.28,-0.83,-1.24,-10.30,2.78,1.05,-0.18,9.25,-3.02,-5.65,-5.09,6.17,-0.66,0.44,7.91,-10.76,5.09,3.34,0.66,-1.71,-5.46,-2.86,-2.56,9.10,-4.07,-1.94,-3.09,6.16,0.61,-0.28,0.85,0.22,-2.30,3.43,4.51,1.67,0.07
"47000","Tennessee","12","      Manufacturing",-0.20,1.06,2.22,0.52,0.49,-0.59,0.13,-3.55,0.26,0.56,2.20,-1.06,0.52,0.11,-5.07,-5.53,2.20,-0.74,2.33,-1.19,-0.94,0.11,1.00,0.50,0.82,1.42,0.56,1.18,2.85,-3.39,1.28,2.95,-1.05,1.29,-0.10,-1.05,0.39,0.65,0.30,0.54,1.10,-0.47,-0.33,1.79,-0.41,0.76,0.64,2.01,2.23,0.55,0.79,-3.06,-0.36,-0.36,0.32,-0.85,0.87,1.04,0.27,-0.46,-5.71,9.66,1.24,0.97,0.72
"47000","Tennessee","45","      Information",0.49,-0.26,-0.98,1.53,0.98,-0.10,0.29,0.43,-0.02,0.64,0.53,-0.84,0.52,0.35,0.32,0.33,-0.20,0.27,0.11,1.20,-0.68,0.13,-0.48,0.41,0.17,-0.07,0.64,-1.39,0.63,-0.42,-0.12,-0.50,-0.29,-0.11,-0.28,-0.26,0.33,0.05,0.25,0.73,0.24,0.38,0.15,0.20,0.10,0.19,0.07,0.09,0.59,0.16,0.22,0.16,0.39,-0.02,-0.12,-0.24,0.14,0.05,0.13,-0.45,-0.09,0.85,0.13,0.47,0.69
"47000","Tennessee","51","      Finance and insurance",-0.23,-0.01,0.16,-0.20,-0.30,0.59,-0.19,-0.37,0.10,0.28,-0.25,0.61,0.34,-1.86,-2.90,5.15,-0.30,0.12,-0.63,0.26,-0.54,0.48,0.94,-0.30,-0.51,0.97,0.50,0.70,0.32,-0.25,-0.91,-0.06,-0.32,0.27,0.91,0.50,0.65,-0.40,-0.03,0.41,0.87,-0.81,0.85,-0.29,0.76,0.67,0.36,-1.01,-0.82,0.24,0.25,0.86,0.03,-0.85,-0.08,0.22,-0.08,0.01,0.91,0.06,1.42,1.40,1.33,1.23,0.31
"48000","Texas","12","      Manufacturing",-0.71,0.42,1.03,5.14,0.68,1.86,1.92,1.12,0.83,1.21,0.53,-4.36,-0.18,-2.24,-2.56,-3.31,2.19,1.40,2.29,1.86,0.34,0.98,0.38,1.05,1.73,-1.48,-0.47,-1.92,-0.16,-0.51,3.47,2.56,2.24,0.77,-2.25,-3.40,-0.91,-1.49,-0.84,4.21,-2.45,1.18,1.04,-3.72,1.75,1.07,-0.44,1.50,0.46,-0.05,0.97,2.48,0.62,0.24,0.60,-1.15,0.09,0.48,-0.44,-1.67,-5.24,6.75,0.85,0.49,0.48
"48000","Texas","45","      Information",0.76,-0.03,-0.24,0.54,0.23,0.90,0.03,1.89,0.89,0.43,0.02,0.43,0.21,0.31,-0.71,-1.54,0.06,0.09,1.65,-1.67,0.40,0.58,0.26,-0.39,0.11,-0.08,-0.14,0.05,-0.01,-0.13,-0.35,1.45,0.14,0.14,-0.10,-0.41,0.27,0.19,0.56,0.77,0.43,0.31,0.28,0.01,0.08,0.27,0.18,0.32,0.35,0.45,0.61,-0.33,0.85,0.21,-0.01,-0.06,0.23,0.01,0.09,-0.20,-0.21,0.95,0.16,-0.36,0.64
"48000","Texas","51","      Finance and insurance",-0.21,-0.38,0.28,0.07,-0.03,0.41,-0.14,-0.46,0.00,0.07,-0.60,1.40,-0.16,-1.63,-1.65,3.57,1.36,0.34,-0.45,0.41,-0.90,-0.38,0.05,0.84,-0.30,0.07,0.55,1.17,0.07,0.12,-0.90,0.48,-0.17,0.30,0.34,0.30,0.72,-0.38,0.03,0.73,0.10,-0.07,1.10,-0.62,1.13,0.85,0.31,-0.29,-1.02,0.26,0.52,0.62,0.25,0.21,-1.03,1.19,-0.29,-0.37,0.36,-0.58,0.45,0.96,1.22,0.00,0.51
"49000","Utah","12","      Manufacturing",1.35,0.91,1.70,2.25,0.12,1.69,1.24,0.93,1.47,0.74,0.14,-2.34,1.18,1.70,1.58,1.99,4.23,2.38,2.23,-0.76,-0.67,1.19,1.33,-1.49,0.49,-0.27,-1.99,-3.74,-2.16,-2.42,0.44,2.43,0.90,0.45,-0.96,-1.25,0.93,-0.07,0.73,1.31,0.35,-0.15,-0.49,0.05,-0.73,0.23,0.21,1.68,1.25,1.03,1.68,1.51,0.68,0.50,0.58,1.53,0.65,0.67,0.19,1.47,-4.22,6.26,0.65,2.01,1.13
"49000","Utah","45","      Information",-0.16,-0.55,3.64,-1.04,0.37,0.53,-0.56,-0.94,1.19,0.95,0.70,0.25,0.42,0.06,-0.62,-1.21,-0.38,0.69,0.77,-1.16,0.23,0.75,0.47,0.80,0.52,-1.88,-0.02,0.94,-0.84,-0.28,2.51,-0.50,-0.04,1.66,-0.28,0.19,0.78,-0.84,0.21,0.85,0.68,0.80,1.13,0.82,0.08,0.26,0.09,0.68,0.28,0.42,0.60,0.32,0.87,0.31,0.15,0.95,0.57,0.28,0.37,0.59,-0.12,1.40,-1.40,1.35,1.15
"49000","Utah","51","      Finance and insurance",-0.58,1.48,-0.04,2.27,1.04,1.05,0.61,-0.61,-0.05,-0.63,-0.58,-0.81,0.45,-4.38,-5.80,7.30,-0.60,-1.33,-2.13,0.68,-1.76,0.91,2.04,0.36,1.45,1.81,0.05,3.52,-0.39,1.05,-0.73,-1.18,-0.68,-0.19,-0.39,1.64,1.15,-1.46,1.33,0.53,0.19,-0.64,2.30,-2.36,1.25,0.93,0.22,-2.30,-1.51,0.46,0.84,-0.07,1.48,0.78,-1.17,1.70,-0.26,-0.58,0.38,1.35,0.86,0.84,1.39,0.34,0.73
"50000","Vermont","12","      Manufacturing",-0.25,0.27,3.70,3.24,1.31,-1.12,-1.74,-5.12,-1.04,0.27,1.69,3.48,2.92,-0.38,-4.04,-3.35,-2.74,1.22,2.71,3.32,2.32,2.47,-0.05,-0.70,0.85,0.23,2.00,1.94,0.05,-3.01,-2.02,-3.57,-2.12,-2.13,-0.27,-0.96,1.37,2.02,0.13,0.23,0.02,0.67,-0.40,-0.60,-0.13,0.13,-0.16,0.08,0.32,0.25,0.87,0.04,0.15,-0.04,-0.04,-0.58,0.38,0.62,0.69,-0.79,-3.09,6.34,0.83,2.70,0.66
"50000","Vermont","45","      Information",0.05,-0.08,-0.63,-0.11,0.25,0.01,-0.05,0.58,0.27,0.73,0.07,1.53,0.49,0.69,-0.86,0.92,-0.36,0.25,0.56,-0.17,-0.15,0.36,-0.41,-0.66,0.17,-0.36,0.63,-1.57,0.52,-0.03,0.02,0.71,-0.26,-0.20,-0.10,0.11,-0.13,-0.35,-0.24,-0.46,0.51,1.24,-0.95,0.16,0.07,0.12,-0.02,-0.43,0.12,0.24,0.38,-0.65,0.52,0.17,0.04,0.16,0.21,0.12,0.18,-0.61,-0.06,0.74,0.13,-0.52,0.56
"50000","Vermont","51","      Finance and insurance",0.93,0.15,-1.34,0.84,-0.92,0.47,-0.99,1.11,-0.58,0.62,0.71,0.68,-2.36,-1.73,-2.54,5.35,0.68,-0.08,-0.95,-0.13,-0.85,-0.66,-0.01,0.03,0.54,0.66,0.59,-0.03,1.25,-0.84,-1.47,-0.88,-0.63,0.46,1.91,1.84,2.57,0.65,-0.97,-1.52,-0.98,-0.71,-0.14,0.38,0.94,0.59,0.00,-0.54,-1.22,0.04,0.30,-0.29,0.32,0.40,-0.65,1.12,0.01,-0.20,0.36,-1.63,0.45,0.66,0.91,0.98,0.31
"51000","Virginia","12","      Manufacturing",0.74,-0.09,0.94,0.06,-0.34,-0.29,-0.51,0.11,-0.40,0.62,-0.27,-2.16,0.65,0.16,-0.15,-1.11,2.43,1.60,2.27,-1.00,0.37,0.03,-0.62,-0.10,0.09,-0.64,0.76,0.16,-1.02,-0.86,-1.70,3.01,-0.52,-0.31,-0.44,-1.97,0.66,-0.22,0.65,-0.43,1.03,-0.40,-0.08,-1.45,0.64,0.34,-0.14,-0.22,0.34,-0.02,0.69,0.99,0.23,-0.04,-0.16,-0.20,0.28,0.17,-0.28,-0.62,-3.10,4.04,0.22,-0.25,0.52
"51000","Virginia","45","      Information",0.61,1.98,-2.79,0.35,-0.02,0.59,-0.35,0.29,0.82,0.65,0.60,-1.94,0.87,0.13,-0.71,-1.26,-0.05,-0.12,0.74,-0.74,0.43,0.43,-0.13,-1.98,0.63,0.32,0.13,-2.07,0.29,-0.03,-0.01,0.91,0.09,0.28,-0.13,0.83,-0.23,0.13,0.25,0.46,0.09,0.88,0.01,-1.13,0.51,0.71,0.61,-2.52,0.42,0.61,1.10,-1.40,0.97,0.26,-0.39,1.73,0.05,-0.08,0.31,-0.44,-0.15,1.50,0.62,-0.17,0.93
"51000","Virginia","51","      Finance and insurance",0.30,0.32,1.39,-0.63,-0.46,0.41,-1.01,-0.30,-0.30,-0.94,-1.68,2.73,-0.67,-1.49,-2.32,4.15,1.32,-0.31,-0.70,0.63,-1.57,0.11,0.42,1.51,-0.84,0.16,-0.08,1.05,-0.41,0.34,0.64,-1.62,0.55,-0.07,0.25,-0.44,0.68,-0.74,0.41,0.27,0.57,-0.61,-0.16,-0.07,0.46,0.39,0.13,-0.71,-0.56,0.18,0.26,0.23,0.11,0.21,-0.81,0.60,-0.02,-0.11,0.55,-0.20,0.76,0.85,1.06,-1.03,0.04
"53000","Washington","12","      Manufacturing",3.00,0.12,2.01,1.36,-0.83,-1.12,3.31,1.13,4.04,1.49,-0.37,-2.83,-0.90,0.20,-1.14,-2.16,3.95,1.11,2.35,-1.69,2.91,1.20,-2.48,0.17,0.21,-0.46,3.69,-0.40,0.32,0.36,-0.25,1.98,-0.37,0.78,-1.70,3.04,-1.29,0.16,1.55,2.53,0.27,0.62,-3.34,-1.82,-2.14,-0.72,-0.26,-0.59,0.66,0.73,1.28,-0.96,1.57,0.00,0.12,0.42,0.11,-0.04,-0.18,-3.47,-3.47,4.04,0.58,-0.99,0.44
"53000","Washington","45","      Information",1.36,-3.29,1.73,0.03,-0.15,2.91,-0.23,0.84,3.91,1.10,5.14,-4.30,0.70,2.86,-2.47,-1.49,0.39,0.39,2.12,-3.27,2.55,-1.91,1.79,1.34,0.57,1.14,-1.02,4.51,-0.42,-0.73,-2.44,3.29,1.77,1.58,-1.25,-0.14,2.58,4.23,-1.02,-0.76,1.79,0.53,2.35,3.47,0.39,0.81,0.36,4.56,0.67,0.87,1.26,5.75,1.90,0.67,0.29,4.54,1.62,0.65,0.91,6.45,-0.59,4.12,0.85,3.72,3.62
"53000","Washington","51","      Finance and insurance",-1.37,0.62,0.33,-0.42,0.36,0.54,0.57,-1.25,0.35,0.05,-0.25,0.27,0.44,-0.54,-2.06,3.38,1.03,-0.14,-0.08,-1.13,-0.40,0.21,0.31,-0.08,0.21,-0.58,0.09,1.08,-0.38,0.33,-0.94,0.26,-0.39,-0.24,0.01,-0.28,0.46,-0.15,0.71,-0.30,0.67,-0.53,0.22,0.21,0.54,0.48,0.24,-0.46,-0.50,0.31,0.40,0.41,0.21,0.19,-0.64,0.73,-0.08,-0.07,0.49,0.24,0.69,0.75,0.84,0.68,0.23
"54000","West Virginia","12","      Manufacturing",-0.13,0.22,0.96,0.04,0.53,-2.20,-0.22,-2.48,0.15,-0.07,0.99,-2.16,2.03,0.61,0.16,-0.92,1.46,0.55,0.21,-1.74,-1.95,-0.30,0.20,0.15,0.79,0.15,0.10,-0.28,-0.68,-0.82,0.85,1.61,0.31,1.31,-1.24,-0.99,0.68,-1.16,-0.91,-0.11,-0.50,-0.62,-0.30,1.07,0.87,0.63,0.22,0.93,0.64,-0.17,0.32,0.39,-0.46,-0.51,-0.27,-1.27,0.16,0.57,0.06,-0.85,-3.34,5.38,0.59,1.06,0.95
"54000","West Virginia","45","      Information",0.46,0.16,-0.18,-0.27,0.54,0.07,-0.39,0.61,0.22,0.46,0.16,0.00,0.00,0.07,-0.28,-0.29,-0.07,-0.19,0.22,-0.15,0.26,0.96,-0.21,-0.18,0.19,-0.05,-0.14,-0.28,0.10,-0.21,-0.09,0.24,0.07,0.02,-0.21,0.18,0.05,-0.18,0.41,0.23,0.14,0.68,-0.11,-0.72,0.15,0.20,0.10,-1.17,0.13,0.16,0.22,-0.41,0.40,0.11,0.06,-0.56,0.21,0.11,0.13,-0.62,-0.05,0.47,0.08,-0.09,0.33
"54000","West Virginia","51","      Finance and insurance",-0.11,0.66,-0.32,0.27,0.20,0.10,0.10,-0.58,0.54,0.26,-0.07,0.61,0.15,-1.53,-1.77,3.43,-0.38,0.23,-0.46,-0.02,-0.68,0.02,0.08,0.03,1.10,0.00,-0.88,0.36,-0.29,0.02,-0.81,0.37,-0.65,0.05,0.49,0.29,0.53,0.00,-0.06,0.00,0.02,-0.04,0.09,-0.67,0.42,0.27,-0.03,-1.11,-0.73,0.08,0.23,0.40,0.17,0.15,-0.58,0.02,-0.06,-0.01,0.53,-0.64,0.81,0.76,0.76,1.04,0.47
"55000","Wisconsin","12","      Manufacturing",0.09,1.14,1.25,3.18,0.82,-0.49,2.04,-2.50,0.40,1.12,-1.09,-2.96,-0.12,-2.00,-4.61,-5.47,0.92,0.54,3.20,1.02,1.57,2.75,1.21,-1.49,2.11,1.39,1.04,0.84,0.87,-1.98,0.64,2.34,-2.42,1.20,0.90,-2.32,2.86,-0.47,-0.68,0.13,-0.40,-0.37,-0.34,0.38,-0.35,0.10,-1.18,-0.14,-0.13,-0.34,1.01,0.26,0.25,0.44,0.99,-0.18,1.40,1.06,0.12,-1.90,-7.08,10.35,0.96,2.12,1.09
"55000","Wisconsin","45","      Information",0.32,-0.18,0.00,-0.07,0.37,0.57,-0.01,0.09,0.43,0.39,-0.09,0.21,0.62,0.02,-0.23,0.01,-0.29,0.38,0.05,-0.35,0.64,0.48,0.01,-0.16,0.27,-0.16,0.19,-0.30,0.04,-0.05,-0.28,0.99,0.25,0.31,-0.19,0.15,0.66,-0.37,0.24,1.00,-0.33,0.75,0.69,-0.22,0.12,0.21,0.05,-0.04,0.15,0.28,0.44,-0.23,0.66,0.20,0.05,0.55,0.33,0.14,0.21,-0.72,-0.12,1.01,0.18,0.10,0.84
"55000","Wisconsin","51","      Finance and insurance",0.61,0.59,-1.08,0.55,-1.14,0.91,0.56,0.35,0.95,0.12,-0.80,-0.37,-0.65,-3.13,-3.61,7.41,1.27,0.19,-0.78,-0.13,-0.73,0.02,0.84,-0.95,0.50,0.47,0.36,2.46,-0.56,-0.05,-2.32,-1.56,-0.86,0.78,1.49,1.39,2.60,0.65,0.61,0.82,0.70,-0.88,0.83,-0.32,0.97,0.74,0.17,-2.48,-1.42,0.35,0.64,-0.13,0.59,0.68,-0.93,1.10,-0.06,-0.45,0.29,-1.88,0.49,0.72,1.22,-1.17,0.23
"56000","Wyoming","12","      Manufacturing",-0.63,-0.11,1.08,0.12,1.71,0.98,3.35,1.70,2.68,3.43,4.14,2.77,1.85,-2.29,-4.95,-8.41,-3.41,-2.38,-0.23,2.13,0.37,-0.15,-0.11,-0.91,-0.15,1.20,0.42,2.07,0.69,-0.91,-0.66,-1.74,-1.58,-1.27,-1.40,-0.46,0.17,0.87,2.04,3.40,1.47,1.20,-1.66,-2.38,-1.51,-0.65,0.37,"(D)",1.54,0.78,0.99,"(D)",0.78,0.93,1.27,1.97,2.26,1.68,0.44,-0.73,-2.73,3.51,0.23,0.02,0.52
"56000","Wyoming","45","      Information",0.34,0.08,-0.02,0.16,0.32,0.14,-0.03,0.20,0.13,0.25,0.17,0.23,0.01,0.13,-0.19,0.37,0.03,0.06,0.10,-0.25,0.22,0.27,0.15,-0.41,0.15,0.06,-0.08,-0.11,0.14,-0.19,-0.13,0.43,0.01,0.15,-0.05,-0.39,0.23,-0.05,0.19,0.50,0.05,0.09,0.11,0.06,-0.01,0.02,-0.06,-0.07,0.03,0.14,0.25,-0.26,0.45,0.11,0.01,-0.29,0.10,0.06,0.09,-0.44,-0.05,0.47,0.07,-0.01,0.19
"56000","Wyoming","51","      Finance and insurance",-0.31,0.25,-0.03,0.62,-0.17,0.01,0.57,-0.54,0.66,0.04,0.27,0.04,0.11,0.82,-2.49,2.21,0.04,-0.40,-0.30,-0.53,-0.23,0.33,0.78,-0.85,0.52,0.51,0.25,-0.24,0.08,-0.08,-0.41,-0.60,-0.31,0.30,0.38,0.30,0.50,0.11,0.02,-0.34,-0.24,-0.57,-0.07,-0.28,0.17,0.09,-0.11,-0.79,-0.51,0.18,0.37,-0.24,0.23,0.14,-0.55,0.30,-0.19,-0.12,0.35,-0.03,0.60,0.58,0.71,0.70,0.22